Date,Open,High,Low,Close,Volume
1/4/2021 16:00:00,23.040000915527344,29.190000534057617,22.559999465942383,26.96999931335449,0
1/5/2021 16:00:00,26.940000534057617,28.600000381469727,24.799999237060547,25.34000015258789,0
1/6/2021 16:00:00,25.479999542236328,26.770000457763672,22.13999938964844,25.06999969482422,0
1/7/2021 16:00:00,23.670000076293945,23.90999984741211,22.25,22.3700008392334,0
1/8/2021 16:00:00,22.43000030517578,23.34000015258789,21.420000076293945,21.559999465942383,0
1/11/2021 16:00:00,23.309999465942383,24.809999465942383,23.229999542236328,24.07999992370605,0
1/12/2021 16:00:00,23.489999771118164,25.14999961853028,22.82999992370605,23.32999992370605,0
1/13/2021 16:00:00,23.06999969482422,24.18000030517578,21.920000076293945,22.209999084472656,0
1/14/2021 16:00:00,22.21999931335449,23.46999931335449,21.65999984741211,23.25,0
1/15/2021 16:00:00,23.520000457763672,25.799999237060547,23.07999992370605,24.34000015258789,0
1/19/2021 16:00:00,23.030000686645508,23.559999465942383,22.530000686645508,23.239999771118164,0
1/20/2021 16:00:00,22.81999969482422,22.86000061035156,21.3700008392334,21.57999992370605,0
1/21/2021 16:00:00,21.34000015258789,22.21999931335449,21.09000015258789,21.31999969482422,0
1/22/2021 16:00:00,22.239999771118164,23.729999542236328,21.270000457763672,21.90999984741211,0
1/25/2021 16:00:00,22.309999465942383,26.6299991607666,22.200000762939453,23.190000534057617,0
1/26/2021 16:00:00,23.90999984741211,23.940000534057617,22.549999237060547,23.020000457763672,0
1/27/2021 16:00:00,23.81999969482422,37.209999084472656,23.709999084472656,37.209999084472656,0
1/28/2021 16:00:00,33.25,36.290000915527344,27.38999938964844,30.209999084472656,0
1/29/2021 16:00:00,35.15999984741211,37.5099983215332,29.239999771118164,33.09000015258789,0
2/1/2021 16:00:00,31.450000762939453,33.959999084472656,29.030000686645508,30.239999771118164,0
2/2/2021 16:00:00,28.01000022888184,28.07999992370605,25.309999465942383,25.559999465942383,0
2/3/2021 16:00:00,24.59000015258789,25.43000030517578,22.90999984741211,22.90999984741211,0
2/4/2021 16:00:00,23.440000534057617,23.440000534057617,21.68000030517578,21.770000457763672,0
2/5/2021 16:00:00,21.989999771118164,22.15999984741211,20.86000061035156,20.8700008392334,0
2/8/2021 16:00:00,21.88999938964844,22.06999969482422,21.229999542236328,21.239999771118164,0
2/9/2021 16:00:00,21.56999969482422,22.26000022888184,20.64999961853028,21.6299991607666,0
2/10/2021 16:00:00,21.63999938964844,23.850000381469727,19.690000534057617,21.989999771118164,0
2/11/2021 16:00:00,22.09000015258789,23.25,21.11000061035156,21.25,0
2/12/2021 16:00:00,21.600000381469727,22.450000762939453,19.950000762939453,19.96999931335449,0
2/16/2021 16:00:00,21.1299991607666,22.459999084472656,20.8799991607666,21.459999084472656,0
2/17/2021 16:00:00,22.020000457763672,23.440000534057617,21.09000015258789,21.5,0
2/18/2021 16:00:00,21.979999542236328,24.229999542236328,21.799999237060547,22.489999771118164,0
2/19/2021 16:00:00,23.100000381469727,23.190000534057617,20.84000015258789,22.049999237060547,0
2/22/2021 16:00:00,24.459999084472656,25.09000015258789,21.959999084472656,23.450000762939453,0
2/23/2021 16:00:00,22.81999969482422,27.01000022888184,22.5,23.11000061035156,0
2/24/2021 16:00:00,23.76000022888184,25.040000915527344,21.309999465942383,21.34000015258789,0
2/25/2021 16:00:00,21.729999542236328,31.15999984741211,21.520000457763672,28.88999938964844,0
2/26/2021 16:00:00,28.729999542236328,30.81999969482422,25.229999542236328,27.950000762939453,0
3/1/2021 16:00:00,25.200000762939453,25.38999938964844,23.170000076293945,23.350000381469727,0
3/2/2021 16:00:00,23.57999992370605,24.600000381469727,22.799999237060547,24.100000381469727,0
3/3/2021 16:00:00,22.799999237060547,26.790000915527344,22.450000762939453,26.670000076293945,0
3/4/2021 16:00:00,26.520000457763672,31.89999961853028,24.93000030517578,28.56999969482422,0
3/5/2021 16:00:00,29.479999542236328,30.030000686645508,24.32999992370605,24.65999984741211,0
3/8/2021 16:00:00,27.61000061035156,28.38999938964844,24.06999969482422,25.46999931335449,0
3/9/2021 16:00:00,25.11000061035156,25.25,22.89999961853028,24.030000686645508,0
3/10/2021 16:00:00,23.76000022888184,23.8700008392334,22.3799991607666,22.559999465942383,0
3/11/2021 16:00:00,22.5,22.5,21.450000762939453,21.90999984741211,0
3/12/2021 16:00:00,22.56999969482422,22.989999771118164,20.6299991607666,20.690000534057617,0
3/15/2021 16:00:00,21.84000015258789,21.86000061035156,19.8700008392334,20.030000686645508,0
3/16/2021 16:00:00,20.13999938964844,20.309999465942383,19.32999992370605,19.790000915527344,0
3/17/2021 16:00:00,20.100000381469727,20.950000762939453,19.18000030517578,19.229999542236328,0
3/18/2021 16:00:00,18.950000762939453,22.600000381469727,18.950000762939453,21.57999992370605,0
3/19/2021 16:00:00,21.43000030517578,23.170000076293945,19.89999961853028,20.950000762939453,0
3/22/2021 16:00:00,21.90999984741211,22.290000915527344,18.8700008392334,18.8799991607666,0
3/23/2021 16:00:00,19.459999084472656,21.57999992370605,18.799999237060547,20.299999237060547,0
3/24/2021 16:00:00,20.63999938964844,21.489999771118164,19.299999237060547,21.200000762939453,0
3/25/2021 16:00:00,20.799999237060547,23.549999237060547,19.809999465942383,19.809999465942383,0
3/26/2021 16:00:00,19.31999969482422,21.489999771118164,18.68000030517578,18.86000061035156,0
3/29/2021 16:00:00,20.39999961853028,21.600000381469727,19.420000076293945,20.739999771118164,0
3/30/2021 16:00:00,20.76000022888184,21.75,19.46999931335449,19.61000061035156,0
3/31/2021 16:00:00,19.799999237060547,20.11000061035156,18.850000381469727,19.39999961853028,0
4/1/2021 16:00:00,18.600000381469727,18.63999938964844,17.290000915527344,17.329999923706055,0
4/5/2021 16:00:00,18.15999984741211,18.39999961853028,17.350000381469727,17.90999984741211,0
4/6/2021 16:00:00,18.06999969482422,18.299999237060547,17.3700008392334,18.1200008392334,0
4/7/2021 16:00:00,17.989999771118164,18.170000076293945,16.8700008392334,17.15999984741211,0
4/8/2021 16:00:00,16.920000076293945,17.360000610351562,16.549999237060547,16.950000762939453,0
4/9/2021 16:00:00,17.049999237060547,17.34000015258789,16.200000762939453,16.690000534057617,0
4/12/2021 16:00:00,17.43000030517578,17.90999984741211,16.809999465942383,16.90999984741211,0
4/13/2021 16:00:00,16.989999771118164,17.860000610351562,16.43000030517578,16.649999618530273,0
4/14/2021 16:00:00,16.709999084472656,17.690000534057617,15.380000114440918,16.989999771118164,0
4/15/2021 16:00:00,16.780000686645508,16.920000076293945,15.9399995803833,16.56999969482422,0
4/16/2021 16:00:00,16.649999618530273,16.8799991607666,16.049999237060547,16.25,0
4/19/2021 16:00:00,17.040000915527344,18.61000061035156,16.780000686645508,17.290000915527344,0
4/20/2021 16:00:00,17.360000610351562,19.700000762939453,17.239999771118164,18.68000030517578,0
4/21/2021 16:00:00,18.479999542236328,19.290000915527344,16.90999984741211,17.5,0
4/22/2021 16:00:00,17.280000686645508,19.89999961853028,16.989999771118164,18.709999084472656,0
4/23/2021 16:00:00,18.559999465942383,18.780000686645508,16.799999237060547,17.329999923706055,0
4/26/2021 16:00:00,17.940000534057617,18.170000076293945,16.8700008392334,17.639999389648438,0
4/27/2021 16:00:00,17.6200008392334,18.15999984741211,16.969999313354492,17.559999465942383,0
4/28/2021 16:00:00,17.469999313354492,17.84000015258789,16.670000076293945,17.280000686645508,0
4/29/2021 16:00:00,16.8799991607666,18.8700008392334,16.770000457763672,17.610000610351562,0
4/30/2021 16:00:00,17.670000076293945,19.25,17.639999389648438,18.61000061035156,0
5/3/2021 16:00:00,18.64999961853028,19.1200008392334,17.799999237060547,18.309999465942383,0
5/4/2021 16:00:00,18.15999984741211,21.850000381469727,18.11000061035156,19.479999542236328,0
5/5/2021 16:00:00,18.84000015258789,19.57999992370605,17.889999389648438,19.14999961853028,0
5/6/2021 16:00:00,18.40999984741211,20.600000381469727,18.209999084472656,18.38999938964844,0
5/7/2021 16:00:00,18.450000762939453,18.56999969482422,16.68000030517578,16.690000534057617,0
5/10/2021 16:00:00,17.34000015258789,19.75,17.06999969482422,19.65999984741211,0
5/11/2021 16:00:00,21.170000076293945,23.729999542236328,20.709999084472656,21.84000015258789,0
5/12/2021 16:00:00,22.420000076293945,28.3799991607666,21.65999984741211,27.59000015258789,0
5/13/2021 16:00:00,26.030000686645508,28.93000030517578,22.229999542236328,23.1299991607666,0
5/14/2021 16:00:00,21.770000457763672,22.100000381469727,18.65999984741211,18.809999465942383,0
5/17/2021 16:00:00,19.88999938964844,21.57999992370605,19.670000076293945,19.71999931335449,0
5/18/2021 16:00:00,18.88999938964844,21.450000762939453,18.809999465942383,21.34000015258789,0
5/19/2021 16:00:00,22.459999084472656,25.959999084472656,21.8799991607666,22.18000030517578,0
5/20/2021 16:00:00,22.32999992370605,23.5,20.190000534057617,20.670000076293945,0
5/21/2021 16:00:00,20.420000076293945,20.88999938964844,19.530000686645508,20.14999961853028,0
5/24/2021 16:00:00,20.5,20.51000022888184,18.3799991607666,18.39999961853028,0
5/25/2021 16:00:00,18.350000381469727,19.290000915527344,16.8700008392334,18.84000015258789,0
5/26/2021 16:00:00,18.3700008392334,18.920000076293945,17.350000381469727,17.360000610351562,0
5/27/2021 16:00:00,18.030000686645508,18.170000076293945,16.520000457763672,16.739999771118164,0
5/28/2021 16:00:00,16.799999237060547,16.860000610351562,15.899999618530272,16.760000228881836,0
6/1/2021 16:00:00,17.239999771118164,18.530000686645508,15.68000030517578,17.899999618530273,0
6/2/2021 16:00:00,17.860000610351562,18.309999465942383,16.739999771118164,17.479999542236328,0
6/3/2021 16:00:00,17.729999542236328,19.270000457763672,17.450000762939453,18.040000915527344,0
6/4/2021 16:00:00,18.09000015258789,18.420000076293945,16.18000030517578,16.420000076293945,0
6/7/2021 16:00:00,17.34000015258789,17.350000381469727,15.779999732971191,16.420000076293945,0
6/8/2021 16:00:00,16.579999923706055,17.75,15.149999618530272,17.06999969482422,0
6/9/2021 16:00:00,17.18000030517578,17.959999084472656,15.550000190734863,17.889999389648438,0
6/10/2021 16:00:00,18.18000030517578,18.290000915527344,16.010000228881836,16.100000381469727,0
6/11/2021 16:00:00,16.18000030517578,16.200000762939453,15.149999618530272,15.649999618530272,0
6/14/2021 16:00:00,16.040000915527344,17.040000915527344,15.039999961853027,16.389999389648438,0
6/15/2021 16:00:00,16.270000457763672,17.350000381469727,16.139999389648438,17.020000457763672,0
6/16/2021 16:00:00,16.989999771118164,19.11000061035156,16.420000076293945,18.14999961853028,0
6/17/2021 16:00:00,18.489999771118164,19.21999931335449,16.709999084472656,17.75,0
6/18/2021 16:00:00,16.959999084472656,21.040000915527344,16.920000076293945,20.700000762939453,0
6/21/2021 16:00:00,21.739999771118164,21.81999969482422,17.809999465942383,17.889999389648438,0
6/22/2021 16:00:00,17.90999984741211,18.31999969482422,15.760000228881836,16.65999984741211,0
6/23/2021 16:00:00,16.25,16.84000015258789,14.859999656677246,16.31999969482422,0
6/24/2021 16:00:00,15.989999771118164,16.049999237060547,14.1899995803833,15.970000267028809,0
6/25/2021 16:00:00,16.040000915527344,16.170000076293945,15.210000038146973,15.619999885559082,0
6/28/2021 16:00:00,16.06999969482422,16.459999084472656,15.390000343322754,15.760000228881836,0
6/29/2021 16:00:00,15.6899995803833,16.309999465942383,14.100000381469728,16.020000457763672,0
6/30/2021 16:00:00,16.18000030517578,17.309999465942383,15.579999923706056,15.829999923706056,0
7/1/2021 16:00:00,15.619999885559082,16.010000228881836,15.3100004196167,15.479999542236328,0
7/2/2021 16:00:00,15.529999732971191,15.539999961853027,14.25,15.06999969482422,0
7/6/2021 16:00:00,15.770000457763672,17.940000534057617,15.729999542236328,16.440000534057617,0
7/7/2021 16:00:00,16.43000030517578,17.639999389648438,16.079999923706055,16.200000762939453,0
7/8/2021 16:00:00,17.739999771118164,21.290000915527344,17.739999771118164,19.0,0
7/9/2021 16:00:00,17.8799991607666,18.1299991607666,16.079999923706055,16.18000030517578,0
7/12/2021 16:00:00,16.850000381469727,17.520000457763672,16.139999389648438,16.170000076293945,0
7/13/2021 16:00:00,16.389999389648438,17.229999542236328,15.9399995803833,17.1200008392334,0
7/14/2021 16:00:00,17.34000015258789,17.510000228881836,15.949999809265137,16.329999923706055,0
7/15/2021 16:00:00,16.700000762939453,18.09000015258789,16.559999465942383,17.010000228881836,0
7/16/2021 16:00:00,16.799999237060547,18.700000762939453,16.030000686645508,18.450000762939453,0
7/19/2021 16:00:00,19.61000061035156,25.09000015258789,19.270000457763672,22.5,0
7/20/2021 16:00:00,20.88999938964844,22.96999931335449,19.3700008392334,19.729999542236328,0
7/21/2021 16:00:00,19.729999542236328,19.81999969482422,17.809999465942383,17.90999984741211,0
7/22/2021 16:00:00,17.59000015258789,18.450000762939453,17.399999618530273,17.690000534057617,0
7/23/2021 16:00:00,16.979999542236328,17.479999542236328,16.329999923706055,17.200000762939453,0
7/26/2021 16:00:00,18.670000076293945,19.38999938964844,17.530000686645508,17.579999923706055,0
7/27/2021 16:00:00,18.6200008392334,20.440000534057617,18.25,19.36000061035156,0
7/28/2021 16:00:00,19.40999984741211,19.6200008392334,17.520000457763672,18.309999465942383,0
7/29/2021 16:00:00,17.90999984741211,18.010000228881836,17.190000534057617,17.700000762939453,0
7/30/2021 16:00:00,19.690000534057617,19.71999931335449,17.530000686645508,18.239999771118164,0
8/2/2021 16:00:00,18.15999984741211,19.8700008392334,17.989999771118164,19.459999084472656,0
8/3/2021 16:00:00,19.170000076293945,20.440000534057617,17.700000762939453,18.040000915527344,0
8/4/2021 16:00:00,18.229999542236328,18.89999961853028,17.670000076293945,17.969999313354492,0
8/5/2021 16:00:00,17.729999542236328,17.84000015258789,17.229999542236328,17.280000686645508,0
8/6/2021 16:00:00,17.459999084472656,17.5,16.139999389648438,16.149999618530273,0
8/9/2021 16:00:00,17.1200008392334,17.389999389648438,16.59000015258789,16.719999313354492,0
8/10/2021 16:00:00,16.81999969482422,17.049999237060547,16.34000015258789,16.790000915527344,0
8/11/2021 16:00:00,16.809999465942383,17.09000015258789,16.06999969482422,16.170000076293945,0
8/12/2021 16:00:00,16.329999923706055,16.420000076293945,15.489999771118164,15.59000015258789,0
8/13/2021 16:00:00,15.68000030517578,15.720000267028809,15.1899995803833,15.449999809265137,0
8/16/2021 16:00:00,17.049999237060547,17.709999084472656,16.020000457763672,16.1200008392334,0
8/17/2021 16:00:00,17.309999465942383,19.559999465942383,16.709999084472656,17.90999984741211,0
8/18/2021 16:00:00,17.559999465942383,21.63999938964844,17.309999465942383,21.56999969482422,0
8/19/2021 16:00:00,23.1200008392334,24.739999771118164,20.3700008392334,21.670000076293945,0
8/20/2021 16:00:00,22.739999771118164,23.89999961853028,18.18000030517578,18.559999465942383,0
8/23/2021 16:00:00,18.82999992370605,18.950000762939453,16.950000762939453,17.149999618530273,0
8/24/2021 16:00:00,16.959999084472656,17.510000228881836,16.940000534057617,17.219999313354492,0
8/25/2021 16:00:00,17.420000076293945,17.5,16.459999084472656,16.790000915527344,0
8/26/2021 16:00:00,17.459999084472656,19.270000457763672,17.15999984741211,18.84000015258789,0
8/27/2021 16:00:00,17.950000762939453,18.21999931335449,16.110000610351562,16.389999389648438,0
8/30/2021 16:00:00,16.770000457763672,16.799999237060547,15.979999542236328,16.190000534057617,0
8/31/2021 16:00:00,15.979999542236328,17.06999969482422,15.90999984741211,16.479999542236328,0
9/1/2021 16:00:00,16.059999465942383,16.709999084472656,15.68000030517578,16.110000610351562,0
9/2/2021 16:00:00,16.270000457763672,16.979999542236328,15.729999542236328,16.40999984741211,0
9/3/2021 16:00:00,16.270000457763672,17.059999465942383,16.079999923706055,16.40999984741211,0
9/7/2021 16:00:00,16.940000534057617,18.38999938964844,16.889999389648438,18.13999938964844,0
9/8/2021 16:00:00,18.96999931335449,19.63999938964844,17.780000686645508,17.959999084472656,0
9/9/2021 16:00:00,19.440000534057617,19.540000915527344,17.170000076293945,18.799999237060547,0
9/10/2021 16:00:00,17.940000534057617,21.1299991607666,16.989999771118164,20.950000762939453,0
9/13/2021 16:00:00,19.63999938964844,21.18000030517578,18.76000022888184,19.3700008392334,0
9/14/2021 16:00:00,19.57999992370605,20.46999931335449,18.38999938964844,19.459999084472656,0
9/15/2021 16:00:00,19.299999237060547,20.270000457763672,18.010000228881836,18.18000030517578,0
9/16/2021 16:00:00,18.40999984741211,19.76000022888184,17.649999618530273,18.690000534057617,0
9/17/2021 16:00:00,18.3700008392334,21.51000022888184,18.350000381469727,20.809999465942383,0
9/20/2021 16:00:00,24.25,28.790000915527344,23.89999961853028,25.709999084472656,0
9/21/2021 16:00:00,23.40999984741211,25.600000381469727,21.709999084472656,24.36000061035156,0
9/22/2021 16:00:00,22.71999931335449,23.39999961853028,20.75,20.8700008392334,0
9/23/2021 16:00:00,19.90999984741211,20.209999084472656,18.420000076293945,18.6299991607666,0
9/24/2021 16:00:00,19.32999992370605,20.40999984741211,17.6299991607666,17.75,0
9/27/2021 16:00:00,17.780000686645508,19.31999969482422,17.739999771118164,18.76000022888184,0
9/28/2021 16:00:00,19.739999771118164,24.81999969482422,19.709999084472656,23.25,0
9/29/2021 16:00:00,22.06999969482422,23.790000915527344,21.450000762939453,22.559999465942383,0
9/30/2021 16:00:00,21.479999542236328,24.709999084472656,20.600000381469727,23.13999938964844,0
10/1/2021 16:00:00,24.780000686645508,24.88999938964844,20.850000381469727,21.100000381469727,0
10/4/2021 16:00:00,22.89999961853028,24.57999992370605,21.8799991607666,22.959999084472656,0
10/5/2021 16:00:00,22.920000076293945,23.170000076293945,20.6200008392334,21.299999237060547,0
10/6/2021 16:00:00,22.950000762939453,24.39999961853028,20.989999771118164,21.0,0
10/7/2021 16:00:00,20.540000915527344,20.76000022888184,19.06999969482422,19.540000915527344,0
10/8/2021 16:00:00,19.459999084472656,19.940000534057617,18.200000762939453,18.770000457763672,0
10/11/2021 16:00:00,19.93000030517578,20.450000762939453,18.11000061035156,20.0,0
10/12/2021 16:00:00,20.6200008392334,20.809999465942383,18.96999931335449,19.850000381469727,0
10/13/2021 16:00:00,20.13999938964844,20.229999542236328,18.440000534057617,18.63999938964844,0
10/14/2021 16:00:00,18.010000228881836,18.07999992370605,16.799999237060547,16.860000610351562,0
10/15/2021 16:00:00,16.639999389648438,16.850000381469727,15.720000267028809,16.299999237060547,0
10/18/2021 16:00:00,17.290000915527344,17.93000030517578,16.270000457763672,16.309999465942383,0
10/19/2021 16:00:00,16.09000015258789,16.309999465942383,15.56999969482422,15.699999809265137,0
10/20/2021 16:00:00,15.81999969482422,15.890000343322754,15.289999961853027,15.489999771118164,0
10/21/2021 16:00:00,16.059999465942383,16.110000610351562,14.920000076293944,15.010000228881836,0
10/22/2021 16:00:00,15.350000381469728,16.389999389648438,14.84000015258789,15.43000030517578,0
10/25/2021 16:00:00,16.139999389648438,16.329999923706055,15.100000381469728,15.239999771118164,0
10/26/2021 16:00:00,15.020000457763672,16.709999084472656,14.899999618530272,15.979999542236328,0
10/27/2021 16:00:00,15.789999961853027,17.290000915527344,15.539999961853027,16.979999542236328,0
10/28/2021 16:00:00,17.059999465942383,17.15999984741211,16.229999542236328,16.530000686645508,0
10/29/2021 16:00:00,17.399999618530273,18.059999465942383,16.1299991607666,16.260000228881836,0
11/1/2021 16:00:00,16.850000381469727,17.700000762939453,16.31999969482422,16.40999984741211,0
11/2/2021 16:00:00,16.540000915527344,16.649999618530273,15.890000343322754,16.030000686645508,0
11/3/2021 16:00:00,16.110000610351562,16.389999389648438,14.899999618530272,15.100000381469728,0
11/4/2021 16:00:00,15.0600004196167,16.139999389648438,14.729999542236328,15.4399995803833,0
11/5/2021 16:00:00,15.59000015258789,17.020000457763672,14.949999809265137,16.479999542236328,0
11/8/2021 16:00:00,17.229999542236328,17.690000534057617,16.440000534057617,17.219999313354492,0
11/9/2021 16:00:00,17.43000030517578,18.56999969482422,17.209999084472656,17.780000686645508,0
11/10/2021 16:00:00,17.739999771118164,19.89999961853028,17.219999313354492,18.729999542236328,0
11/11/2021 16:00:00,18.34000015258789,18.38999938964844,17.270000457763672,17.65999984741211,0
11/12/2021 16:00:00,17.489999771118164,17.690000534057617,16.149999618530273,16.290000915527344,0
11/15/2021 16:00:00,17.030000686645508,17.459999084472656,16.489999771118164,16.489999771118164,0
11/16/2021 16:00:00,16.860000610351562,17.079999923706055,16.030000686645508,16.3700008392334,0
11/17/2021 16:00:00,16.360000610351562,17.190000534057617,16.280000686645508,17.110000610351562,0
11/18/2021 16:00:00,16.809999465942383,18.14999961853028,16.3799991607666,17.59000015258789,0
11/19/2021 16:00:00,17.360000610351562,19.01000022888184,17.229999542236328,17.90999984741211,0
11/22/2021 16:00:00,18.200000762939453,19.59000015258789,17.350000381469727,19.170000076293945,0
11/23/2021 16:00:00,20.239999771118164,20.90999984741211,19.030000686645508,19.3799991607666,0
11/24/2021 16:00:00,19.170000076293945,20.959999084472656,18.520000457763672,18.57999992370605,0
11/26/2021 16:00:00,26.6200008392334,28.989999771118164,23.8799991607666,28.6200008392334,0
11/29/2021 16:00:00,25.309999465942383,25.690000534057617,21.709999084472656,22.959999084472656,0
11/30/2021 16:00:00,26.229999542236328,28.559999465942383,23.709999084472656,27.190000534057617,0
12/1/2021 16:00:00,24.920000076293945,32.61000061035156,22.3799991607666,31.1200008392334,0
12/2/2021 16:00:00,29.440000534057617,30.68000030517578,27.14999961853028,27.950000762939453,0
12/3/2021 16:00:00,26.950000762939453,35.31999969482422,25.88999938964844,30.670000076293945,0
12/6/2021 16:00:00,28.989999771118164,30.81999969482422,26.75,27.18000030517578,0
12/7/2021 16:00:00,24.57999992370605,24.690000534057617,21.57999992370605,21.88999938964844,0
12/8/2021 16:00:00,21.739999771118164,23.11000061035156,19.850000381469727,19.89999961853028,0
12/9/2021 16:00:00,20.309999465942383,22.1200008392334,19.940000534057617,21.57999992370605,0
12/10/2021 16:00:00,21.270000457763672,21.299999237060547,18.690000534057617,18.690000534057617,0
12/13/2021 16:00:00,19.290000915527344,21.18000030517578,18.959999084472656,20.309999465942383,0
12/14/2021 16:00:00,19.670000076293945,23.0,19.670000076293945,21.88999938964844,0
12/15/2021 16:00:00,21.600000381469727,23.46999931335449,19.020000457763672,19.290000915527344,0
12/16/2021 16:00:00,18.559999465942383,22.1299991607666,18.190000534057617,20.56999969482422,0
12/17/2021 16:00:00,20.700000762939453,23.26000022888184,20.489999771118164,21.56999969482422,0
12/20/2021 16:00:00,25.88999938964844,27.38999938964844,22.850000381469727,22.8700008392334,0
12/21/2021 16:00:00,22.280000686645508,22.68000030517578,20.89999961853028,21.01000022888184,0
12/22/2021 16:00:00,21.040000915527344,21.36000061035156,18.59000015258789,18.6299991607666,0
12/23/2021 16:00:00,18.809999465942383,18.93000030517578,17.6200008392334,17.959999084472656,0
12/27/2021 16:00:00,19.3700008392334,19.40999984741211,17.549999237060547,17.68000030517578,0
12/28/2021 16:00:00,17.780000686645508,18.46999931335449,17.510000228881836,17.540000915527344,0
12/29/2021 16:00:00,17.6299991607666,18.0,16.709999084472656,16.950000762939453,0
12/30/2021 16:00:00,17.299999237060547,17.790000915527344,16.6200008392334,17.329999923706055,0
12/31/2021 16:00:00,17.6299991607666,18.270000457763672,16.989999771118164,17.219999313354492,0
1/3/2022 16:00:00,17.600000381469727,18.540000915527344,16.559999465942383,16.600000381469727,0
1/4/2022 16:00:00,16.56999969482422,17.809999465942383,16.34000015258789,16.90999984741211,0
1/5/2022 16:00:00,17.06999969482422,20.170000076293945,16.579999923706055,19.729999542236328,0
1/6/2022 16:00:00,20.290000915527344,21.059999465942383,19.07999992370605,19.61000061035156,0
1/7/2022 16:00:00,19.850000381469727,20.799999237060547,18.56999969482422,18.76000022888184,0
1/10/2022 16:00:00,19.57999992370605,23.32999992370605,19.290000915527344,19.39999961853028,0
1/11/2022 16:00:00,19.6200008392334,21.0,18.200000762939453,18.40999984741211,0
1/12/2022 16:00:00,18.170000076293945,18.690000534057617,17.360000610351562,17.6200008392334,0
1/13/2022 16:00:00,18.059999465942383,20.61000061035156,17.450000762939453,20.309999465942383,0
1/14/2022 16:00:00,20.11000061035156,22.06999969482422,19.049999237060547,19.190000534057617,0
1/18/2022 16:00:00,21.18000030517578,23.200000762939453,21.18000030517578,22.790000915527344,0
1/19/2022 16:00:00,23.1200008392334,23.989999771118164,21.850000381469727,23.850000381469727,0
1/20/2022 16:00:00,23.459999084472656,25.88999938964844,21.68000030517578,25.59000015258789,0
1/21/2022 16:00:00,25.3799991607666,29.790000915527344,25.309999465942383,28.850000381469727,0
1/24/2022 16:00:00,28.200000762939453,38.93999862670898,28.020000457763672,29.89999961853028,0
1/25/2022 16:00:00,32.290000915527344,35.849998474121094,29.1299991607666,31.15999984741211,0
1/26/2022 16:00:00,29.350000381469727,33.040000915527344,26.89999961853028,31.959999084472656,0
1/27/2022 16:00:00,32.189998626708984,33.0,28.420000076293945,30.489999771118164,0
1/28/2022 16:00:00,30.270000457763672,32.81999969482422,27.280000686645508,27.65999984741211,0
1/31/2022 16:00:00,28.36000061035156,29.40999984741211,24.709999084472656,24.82999992370605,0
2/1/2022 16:00:00,24.56999969482422,25.32999992370605,21.959999084472656,21.959999084472656,0
2/2/2022 16:00:00,21.559999465942383,22.729999542236328,20.459999084472656,22.09000015258789,0
2/3/2022 16:00:00,22.6299991607666,25.809999465942383,22.299999237060547,24.350000381469727,0
2/4/2022 16:00:00,23.770000457763672,26.26000022888184,22.06999969482422,23.21999931335449,0
2/7/2022 16:00:00,24.09000015258789,24.81999969482422,22.020000457763672,22.86000061035156,0
2/8/2022 16:00:00,23.09000015258789,23.479999542236328,21.31999969482422,21.440000534057617,0
2/9/2022 16:00:00,21.270000457763672,21.299999237060547,19.93000030517578,19.959999084472656,0
2/10/2022 16:00:00,20.3700008392334,24.770000457763672,20.18000030517578,23.90999984741211,0
2/11/2022 16:00:00,24.38999938964844,30.989999771118164,23.32999992370605,27.36000061035156,0
2/14/2022 16:00:00,29.170000076293945,32.040000915527344,28.32999992370605,28.32999992370605,0
2/15/2022 16:00:00,28.09000015258789,28.09000015258789,25.32999992370605,25.700000762939453,0
2/16/2022 16:00:00,25.190000534057617,27.09000015258789,23.8799991607666,24.290000915527344,0
2/17/2022 16:00:00,24.82999992370605,28.3700008392334,24.76000022888184,28.11000061035156,0
2/18/2022 16:00:00,26.65999984741211,29.709999084472656,26.3799991607666,27.75,0
2/22/2022 16:00:00,31.799999237060547,32.040000915527344,28.39999961853028,28.809999465942383,0
2/23/2022 16:00:00,28.040000915527344,31.06999969482422,27.200000762939453,31.020000457763672,0
2/24/2022 16:00:00,37.5,37.790000915527344,29.450000762939453,30.31999969482422,0
2/25/2022 16:00:00,31.68000030517578,32.0,26.93000030517578,27.59000015258789,0
2/28/2022 16:00:00,32.439998626708984,33.5099983215332,28.43000030517578,30.14999961853028,0
3/1/2022 16:00:00,29.450000762939453,35.189998626708984,29.440000534057617,33.31999969482422,0
3/2/2022 16:00:00,34.20000076293945,34.40999984741211,30.1200008392334,30.739999771118164,0
3/3/2022 16:00:00,30.520000457763672,32.0099983215332,29.309999465942383,30.479999542236328,0
3/4/2022 16:00:00,31.89999961853028,34.650001525878906,31.46999931335449,31.979999542236328,0
3/7/2022 16:00:00,35.880001068115234,36.54999923706055,32.59000015258789,36.45000076293945,0
3/8/2022 16:00:00,36.18999862670898,37.52000045776367,32.779998779296875,35.130001068115234,0
3/9/2022 16:00:00,33.7400016784668,34.119998931884766,31.38999938964844,32.45000076293945,0
3/10/2022 16:00:00,33.029998779296875,34.029998779296875,30.229999542236328,30.229999542236328,0
3/11/2022 16:00:00,30.43000030517578,31.040000915527344,28.84000015258789,30.75,0
3/14/2022 16:00:00,31.030000686645508,33.18000030517578,30.059999465942383,31.770000457763672,0
3/15/2022 16:00:00,33.130001068115234,33.83000183105469,29.56999969482422,29.82999992370605,0
3/16/2022 16:00:00,29.020000457763672,29.799999237060547,26.290000915527344,26.670000076293945,0
3/17/2022 16:00:00,26.51000022888184,27.46999931335449,25.25,25.670000076293945,0
3/18/2022 16:00:00,26.36000061035156,26.81999969482422,23.850000381469727,23.8700008392334,0
3/21/2022 16:00:00,25.13999938964844,25.36000061035156,22.989999771118164,23.530000686645508,0
3/22/2022 16:00:00,24.020000457763672,24.020000457763672,22.700000762939453,22.940000534057617,0
3/23/2022 16:00:00,23.040000915527344,24.030000686645508,22.63999938964844,23.56999969482422,0
3/24/2022 16:00:00,23.61000061035156,23.790000915527344,21.489999771118164,21.670000076293945,0
3/25/2022 16:00:00,21.8700008392334,22.86000061035156,20.799999237060547,20.809999465942383,0
3/28/2022 16:00:00,22.13999938964844,23.32999992370605,19.540000915527344,19.6299991607666,0
3/29/2022 16:00:00,19.700000762939453,19.729999542236328,18.670000076293945,18.89999961853028,0
3/30/2022 16:00:00,19.3799991607666,20.51000022888184,18.71999931335449,19.32999992370605,0
3/31/2022 16:00:00,19.68000030517578,21.479999542236328,19.540000915527344,20.559999465942383,0
4/1/2022 16:00:00,20.6200008392334,20.86000061035156,19.40999984741211,19.6299991607666,0
4/4/2022 16:00:00,20.75,20.780000686645508,18.450000762939453,18.56999969482422,0
4/5/2022 16:00:00,18.790000915527344,21.56999969482422,18.549999237060547,21.030000686645508,0
4/6/2022 16:00:00,21.270000457763672,24.780000686645508,21.239999771118164,22.100000381469727,0
4/7/2022 16:00:00,21.96999931335449,23.81999969482422,21.1200008392334,21.549999237060547,0
4/8/2022 16:00:00,21.25,22.34000015258789,20.280000686645508,21.15999984741211,0
4/11/2022 16:00:00,23.09000015258789,24.420000076293945,22.09000015258789,24.3700008392334,0
4/12/2022 16:00:00,24.940000534057617,25.3799991607666,22.270000457763672,24.26000022888184,0
4/13/2022 16:00:00,23.520000457763672,24.450000762939453,21.3700008392334,21.81999969482422,0
4/14/2022 16:00:00,21.71999931335449,22.700000762939453,20.850000381469727,22.700000762939453,0
4/18/2022 16:00:00,24.520000457763672,24.600000381469727,21.979999542236328,22.170000076293945,0
4/19/2022 16:00:00,22.549999237060547,22.920000076293945,20.36000061035156,21.3700008392334,0
4/20/2022 16:00:00,21.1299991607666,21.31999969482422,19.75,20.31999969482422,0
4/21/2022 16:00:00,20.239999771118164,23.280000686645508,19.809999465942383,22.68000030517578,0
4/22/2022 16:00:00,22.709999084472656,28.270000457763672,22.6200008392334,28.209999084472656,0
4/25/2022 16:00:00,30.040000915527344,31.600000381469727,26.799999237060547,27.020000457763672,0
4/26/2022 16:00:00,27.3799991607666,33.810001373291016,27.059999465942383,33.52000045776367,0
4/27/2022 16:00:00,31.11000061035156,32.77000045776367,29.81999969482422,31.600000381469727,0
4/28/2022 16:00:00,29.90999984741211,32.0,28.0,29.989999771118164,0
4/29/2022 16:00:00,28.96999931335449,34.34000015258789,28.540000915527344,33.400001525878906,0
5/2/2022 16:00:00,33.349998474121094,36.63999938964844,31.739999771118164,32.34000015258789,0
5/3/2022 16:00:00,31.76000022888184,32.81999969482422,29.059999465942383,29.25,0
5/4/2022 16:00:00,29.1200008392334,29.420000076293945,24.940000534057617,25.420000076293945,0
5/5/2022 16:00:00,25.96999931335449,33.20000076293945,25.780000686645508,31.200000762939453,0
5/6/2022 16:00:00,32.22999954223633,35.34000015258789,29.82999992370605,30.190000534057617,0
5/9/2022 16:00:00,31.89999961853028,35.47999954223633,31.89999961853028,34.75,0
5/10/2022 16:00:00,33.65999984741211,34.84000015258789,32.2400016784668,32.9900016784668,0
5/11/2022 16:00:00,32.869998931884766,34.38999938964844,30.690000534057617,32.560001373291016,0
5/12/2022 16:00:00,33.7400016784668,34.7599983215332,31.700000762939453,31.770000457763672,0
5/13/2022 16:00:00,31.09000015258789,31.200000762939453,28.780000686645508,28.8700008392334,0
5/16/2022 16:00:00,30.01000022888184,30.229999542236328,27.36000061035156,27.46999931335449,0
5/17/2022 16:00:00,27.06999969482422,27.170000076293945,25.51000022888184,26.100000381469727,0
5/18/2022 16:00:00,26.739999771118164,31.489999771118164,26.209999084472656,30.959999084472656,0
5/19/2022 16:00:00,31.239999771118164,33.11000061035156,29.059999465942383,29.350000381469727,0
5/20/2022 16:00:00,28.780000686645508,32.90999984741211,28.059999465942383,29.43000030517578,0
5/23/2022 16:00:00,28.979999542236328,30.38999938964844,28.290000915527344,28.479999542236328,0
5/24/2022 16:00:00,29.43000030517578,31.06999969482422,29.040000915527344,29.450000762939453,0
5/25/2022 16:00:00,29.32999992370605,30.229999542236328,28.15999984741211,28.3700008392334,0
5/26/2022 16:00:00,28.420000076293945,28.459999084472656,27.11000061035156,27.5,0
5/27/2022 16:00:00,27.5,27.540000915527344,25.56999969482422,25.71999931335449,0
5/31/2022 16:00:00,27.46999931335449,28.350000381469727,25.940000534057617,26.190000534057617,0
6/1/2022 16:00:00,26.049999237060547,27.729999542236328,25.3799991607666,25.690000534057617,0
6/2/2022 16:00:00,25.729999542236328,26.5,24.32999992370605,24.71999931335449,0
6/3/2022 16:00:00,24.90999984741211,25.959999084472656,24.76000022888184,24.790000915527344,0
6/6/2022 16:00:00,25.3700008392334,25.809999465942383,24.81999969482422,25.06999969482422,0
6/7/2022 16:00:00,25.540000915527344,26.239999771118164,23.8799991607666,24.020000457763672,0
6/8/2022 16:00:00,24.3700008392334,24.780000686645508,23.739999771118164,23.959999084472656,0
6/9/2022 16:00:00,24.290000915527344,26.239999771118164,23.81999969482422,26.09000015258789,0
6/10/2022 16:00:00,26.26000022888184,29.6299991607666,26.049999237060547,27.75,0
6/13/2022 16:00:00,31.3700008392334,35.04999923706055,31.290000915527344,34.02000045776367,0
6/14/2022 16:00:00,33.0099983215332,34.0,32.060001373291016,32.689998626708984,0
6/15/2022 16:00:00,32.38999938964844,32.77000045776367,27.76000022888184,29.6200008392334,0
6/16/2022 16:00:00,30.350000381469727,34.81999969482422,30.350000381469727,32.95000076293945,0
6/17/2022 16:00:00,32.84000015258789,33.310001373291016,30.46999931335449,31.1299991607666,0
6/21/2022 16:00:00,30.6299991607666,30.64999961853028,29.32999992370605,30.190000534057617,0
6/22/2022 16:00:00,31.450000762939453,31.56999969482422,28.780000686645508,28.950000762939453,0
6/23/2022 16:00:00,29.290000915527344,29.770000457763672,28.739999771118164,29.049999237060547,0
6/24/2022 16:00:00,29.06999969482422,29.71999931335449,26.82999992370605,27.229999542236328,0
6/27/2022 16:00:00,28.299999237060547,28.65999984741211,26.93000030517578,26.950000762939453,0
6/28/2022 16:00:00,26.89999961853028,28.68000030517578,26.46999931335449,28.36000061035156,0
6/29/2022 16:00:00,28.799999237060547,29.36000061035156,27.850000381469727,28.15999984741211,0
6/30/2022 16:00:00,29.420000076293945,30.21999931335449,28.280000686645508,28.709999084472656,0
7/1/2022 16:00:00,29.530000686645508,29.59000015258789,26.690000534057617,26.700000762939453,0
7/5/2022 16:00:00,27.3700008392334,29.81999969482422,27.299999237060547,27.540000915527344,0
7/6/2022 16:00:00,27.84000015258789,28.06999969482422,26.43000030517578,26.729999542236328,0
7/7/2022 16:00:00,26.729999542236328,26.790000915527344,25.65999984741211,26.07999992370605,0
7/8/2022 16:00:00,26.40999984741211,26.61000061035156,24.43000030517578,24.63999938964844,0
7/11/2022 16:00:00,26.420000076293945,26.739999771118164,25.790000915527344,26.170000076293945,0
7/12/2022 16:00:00,27.13999938964844,27.75,25.81999969482422,27.290000915527344,0
7/13/2022 16:00:00,27.350000381469727,29.059999465942383,26.229999542236328,26.81999969482422,0
7/14/2022 16:00:00,27.46999931335449,28.450000762939453,26.200000762939453,26.39999961853028,0
7/15/2022 16:00:00,26.71999931335449,26.71999931335449,24.1299991607666,24.229999542236328,0
7/18/2022 16:00:00,24.82999992370605,25.90999984741211,24.3799991607666,25.299999237060547,0
7/19/2022 16:00:00,25.1200008392334,25.40999984741211,24.229999542236328,24.5,0
7/20/2022 16:00:00,24.229999542236328,24.729999542236328,23.39999961853028,23.8799991607666,0
7/21/2022 16:00:00,24.06999969482422,24.670000076293945,22.920000076293945,23.11000061035156,0
7/22/2022 16:00:00,23.299999237060547,23.809999465942383,22.40999984741211,23.030000686645508,0
7/25/2022 16:00:00,24.32999992370605,24.56999969482422,23.190000534057617,23.36000061035156,0
7/26/2022 16:00:00,23.950000762939453,25.309999465942383,23.81999969482422,24.690000534057617,0
7/27/2022 16:00:00,24.270000457763672,24.40999984741211,23.020000457763672,23.239999771118164,0
7/28/2022 16:00:00,23.32999992370605,23.540000915527344,22.21999931335449,22.32999992370605,0
7/29/2022 16:00:00,22.1299991607666,22.15999984741211,21.209999084472656,21.32999992370605,0
8/1/2022 16:00:00,22.40999984741211,23.270000457763672,22.26000022888184,22.84000015258789,0
8/2/2022 16:00:00,24.07999992370605,24.68000030517578,22.670000076293945,23.93000030517578,0
8/3/2022 16:00:00,23.86000061035156,23.920000076293945,21.68000030517578,21.950000762939453,0
8/4/2022 16:00:00,22.059999465942383,22.65999984741211,21.440000534057617,21.440000534057617,0
8/5/2022 16:00:00,21.5,22.57999992370605,20.76000022888184,21.14999961853028,0
8/8/2022 16:00:00,21.739999771118164,22.01000022888184,20.82999992370605,21.290000915527344,0
8/9/2022 16:00:00,21.40999984741211,22.229999542236328,21.40999984741211,21.770000457763672,0
8/10/2022 16:00:00,22.280000686645508,22.34000015258789,19.540000915527344,19.739999771118164,0
8/11/2022 16:00:00,19.84000015258789,20.850000381469727,19.709999084472656,20.200000762939453,0
8/12/2022 16:00:00,20.34000015258789,20.350000381469727,19.1200008392334,19.530000686645508,0
8/15/2022 16:00:00,20.739999771118164,21.15999984741211,19.809999465942383,19.950000762939453,0
8/16/2022 16:00:00,20.229999542236328,20.38999938964844,19.5,19.690000534057617,0
8/17/2022 16:00:00,19.739999771118164,20.6299991607666,19.40999984741211,19.89999961853028,0
8/18/2022 16:00:00,20.51000022888184,20.61000061035156,19.43000030517578,19.559999465942383,0
8/19/2022 16:00:00,20.15999984741211,21.270000457763672,20.07999992370605,20.600000381469727,0
8/22/2022 16:00:00,22.40999984741211,24.6200008392334,22.38999938964844,23.799999237060547,0
8/23/2022 16:00:00,24.1299991607666,24.209999084472656,23.06999969482422,24.11000061035156,0
8/24/2022 16:00:00,24.3700008392334,24.86000061035156,22.729999542236328,22.81999969482422,0
8/25/2022 16:00:00,22.40999984741211,23.1299991607666,21.770000457763672,21.780000686645508,0
8/26/2022 16:00:00,22.06999969482422,25.89999961853028,21.670000076293945,25.559999465942383,0
8/29/2022 16:00:00,26.86000061035156,27.670000076293945,25.46999931335449,26.209999084472656,0
8/30/2022 16:00:00,25.75,27.690000534057617,25.1299991607666,26.209999084472656,0
8/31/2022 16:00:00,25.86000061035156,26.6200008392334,25.309999465942383,25.8700008392334,0
9/1/2022 16:00:00,26.8799991607666,27.450000762939453,25.25,25.559999465942383,0
9/2/2022 16:00:00,25.51000022888184,26.280000686645508,23.190000534057617,25.46999931335449,0
9/6/2022 16:00:00,25.459999084472656,27.799999237060547,25.32999992370605,26.90999984741211,0
9/7/2022 16:00:00,26.93000030517578,27.14999961853028,24.540000915527344,24.63999938964844,0
9/8/2022 16:00:00,24.700000762939453,25.89999961853028,23.559999465942383,23.61000061035156,0
9/9/2022 16:00:00,23.489999771118164,23.56999969482422,22.63999938964844,22.790000915527344,0
9/12/2022 16:00:00,23.57999992370605,24.229999542236328,23.15999984741211,23.8700008392334,0
9/13/2022 16:00:00,23.670000076293945,28.14999961853028,23.530000686645508,27.270000457763672,0
9/14/2022 16:00:00,26.729999542236328,27.559999465942383,26.15999984741211,26.15999984741211,0
9/15/2022 16:00:00,26.100000381469727,26.93000030517578,25.420000076293945,26.270000457763672,0
9/16/2022 16:00:00,27.46999931335449,28.450000762939453,26.13999938964844,26.299999237060547,0
9/19/2022 16:00:00,27.690000534057617,27.950000762939453,25.559999465942383,25.76000022888184,0
9/20/2022 16:00:00,25.64999961853028,27.809999465942383,25.61000061035156,27.15999984741211,0
9/21/2022 16:00:00,28.030000686645508,30.18000030517578,25.549999237060547,27.989999771118164,0
9/22/2022 16:00:00,28.15999984741211,28.3799991607666,26.709999084472656,27.350000381469727,0
9/23/2022 16:00:00,27.68000030517578,32.310001373291016,27.57999992370605,29.920000076293945,0
9/26/2022 16:00:00,31.739999771118164,32.880001068115234,29.82999992370605,32.2599983215332,0
9/27/2022 16:00:00,31.200000762939453,34.13999938964844,30.299999237060547,32.599998474121094,0
9/28/2022 16:00:00,34.5,34.880001068115234,30.030000686645508,30.18000030517578,0
9/29/2022 16:00:00,31.670000076293945,33.459999084472656,31.15999984741211,31.84000015258789,0
9/30/2022 16:00:00,31.61000061035156,33.25,29.38999938964844,31.6200008392334,0
10/3/2022 16:00:00,33.0,33.060001373291016,29.6299991607666,30.100000381469727,0
10/4/2022 16:00:00,29.520000457763672,29.6200008392334,28.559999465942383,29.06999969482422,0
10/5/2022 16:00:00,29.36000061035156,30.11000061035156,28.5,28.549999237060547,0
10/6/2022 16:00:00,28.600000381469727,30.739999771118164,28.559999465942383,30.520000457763672,0
10/7/2022 16:00:00,30.3700008392334,32.02000045776367,29.8799991607666,31.36000061035156,0
10/10/2022 16:00:00,32.93000030517578,33.9900016784668,32.04999923706055,32.45000076293945,0
10/11/2022 16:00:00,33.560001373291016,34.43000030517578,32.45000076293945,33.630001068115234,0
10/12/2022 16:00:00,33.540000915527344,34.529998779296875,33.11000061035156,33.56999969482422,0
10/13/2022 16:00:00,33.599998474121094,33.869998931884766,31.6299991607666,31.940000534057617,0
10/14/2022 16:00:00,31.88999938964844,32.97999954223633,31.13999938964844,32.02000045776367,0
10/17/2022 16:00:00,32.27000045776367,32.59000015258789,30.700000762939453,31.3700008392334,0
10/18/2022 16:00:00,31.100000381469727,31.93000030517578,30.420000076293945,30.5,0
10/19/2022 16:00:00,30.940000534057617,31.89999961853028,30.76000022888184,30.76000022888184,0
10/20/2022 16:00:00,31.299999237060547,31.31999969482422,29.76000022888184,29.979999542236328,0
10/21/2022 16:00:00,30.209999084472656,30.440000534057617,29.239999771118164,29.690000534057617,0
10/24/2022 16:00:00,30.64999961853028,30.950000762939453,29.780000686645508,29.850000381469727,0
10/25/2022 16:00:00,29.799999237060547,30.0,28.21999931335449,28.459999084472656,0
10/26/2022 16:00:00,28.440000534057617,28.520000457763672,27.270000457763672,27.280000686645508,0
10/27/2022 16:00:00,27.51000022888184,27.670000076293945,26.940000534057617,27.38999938964844,0
10/28/2022 16:00:00,27.43000030517578,27.59000015258789,25.75,25.75,0
10/31/2022 16:00:00,26.90999984741211,27.06999969482422,25.84000015258789,25.8799991607666,0
11/1/2022 16:00:00,25.959999084472656,26.350000381469727,25.65999984741211,25.809999465942383,0
11/2/2022 16:00:00,26.040000915527344,26.6200008392334,25.38999938964844,25.86000061035156,0
11/3/2022 16:00:00,25.979999542236328,26.8700008392334,25.100000381469727,25.299999237060547,0
11/4/2022 16:00:00,25.6299991607666,25.709999084472656,24.0,24.549999237060547,0
11/7/2022 16:00:00,25.670000076293945,25.670000076293945,24.34000015258789,24.350000381469727,0
11/8/2022 16:00:00,24.709999084472656,26.15999984741211,24.239999771118164,25.540000915527344,0
11/9/2022 16:00:00,25.34000015258789,26.350000381469727,25.020000457763672,26.09000015258789,0
11/10/2022 16:00:00,26.51000022888184,26.59000015258789,22.84000015258789,23.530000686645508,0
11/11/2022 16:00:00,23.88999938964844,23.90999984741211,22.3700008392334,22.520000457763672,0
11/14/2022 16:00:00,23.989999771118164,24.32999992370605,22.86000061035156,23.729999542236328,0
11/15/2022 16:00:00,23.770000457763672,26.21999931335449,23.18000030517578,24.540000915527344,0
11/16/2022 16:00:00,24.290000915527344,24.71999931335449,23.989999771118164,24.11000061035156,0
11/17/2022 16:00:00,24.049999237060547,25.18000030517578,23.809999465942383,23.93000030517578,0
11/18/2022 16:00:00,24.030000686645508,24.1200008392334,22.979999542236328,23.1200008392334,0
11/21/2022 16:00:00,24.049999237060547,24.1200008392334,22.299999237060547,22.36000061035156,0
11/22/2022 16:00:00,22.59000015258789,22.709999084472656,21.280000686645508,21.290000915527344,0
11/23/2022 16:00:00,21.489999771118164,21.780000686645508,20.31999969482422,20.350000381469727,0
11/25/2022 16:00:00,20.61000061035156,21.11000061035156,20.459999084472656,20.5,0
11/28/2022 16:00:00,22.09000015258789,22.5,21.64999961853028,22.209999084472656,0
11/29/2022 16:00:00,22.09000015258789,22.56999969482422,21.82999992370605,21.88999938964844,0
11/30/2022 16:00:00,21.700000762939453,22.6299991607666,20.309999465942383,20.57999992370605,0
12/1/2022 16:00:00,20.82999992370605,21.059999465942383,19.799999237060547,19.84000015258789,0
12/2/2022 16:00:00,20.420000076293945,20.959999084472656,18.950000762939453,19.059999465942383,0
12/5/2022 16:00:00,20.299999237060547,21.290000915527344,19.780000686645508,20.75,0
12/6/2022 16:00:00,20.690000534057617,22.600000381469727,20.3799991607666,22.170000076293945,0
12/7/2022 16:00:00,22.31999969482422,23.01000022888184,22.18000030517578,22.68000030517578,0
12/8/2022 16:00:00,22.809999465942383,23.280000686645508,22.059999465942383,22.290000915527344,0
12/9/2022 16:00:00,22.549999237060547,23.209999084472656,22.18000030517578,22.82999992370605,0
12/12/2022 16:00:00,24.39999961853028,25.049999237060547,24.18000030517578,25.0,0
12/13/2022 16:00:00,25.239999771118164,25.84000015258789,21.459999084472656,22.549999237060547,0
12/14/2022 16:00:00,22.82999992370605,23.46999931335449,21.06999969482422,21.13999938964844,0
12/15/2022 16:00:00,21.520000457763672,23.670000076293945,21.25,22.82999992370605,0
12/16/2022 16:00:00,23.26000022888184,23.82999992370605,22.09000015258789,22.6200008392334,0
12/19/2022 16:00:00,22.6299991607666,22.86000061035156,21.61000061035156,22.420000076293945,0
12/20/2022 16:00:00,23.170000076293945,23.38999938964844,21.350000381469727,21.479999542236328,0
12/21/2022 16:00:00,21.25,21.290000915527344,19.940000534057617,20.06999969482422,0
12/22/2022 16:00:00,20.07999992370605,24.299999237060547,20.01000022888184,21.96999931335449,0
12/23/2022 16:00:00,22.170000076293945,22.63999938964844,20.780000686645508,20.8700008392334,0
12/27/2022 16:00:00,21.670000076293945,22.799999237060547,21.59000015258789,21.64999961853028,0
12/28/2022 16:00:00,21.46999931335449,22.26000022888184,20.959999084472656,22.13999938964844,0
12/29/2022 16:00:00,22.25,22.309999465942383,21.36000061035156,21.440000534057617,0
12/30/2022 16:00:00,21.82999992370605,22.39999961853028,21.59000015258789,21.670000076293945,0
1/3/2023 16:00:00,23.09000015258789,23.76000022888184,22.729999542236328,22.89999961853028,0
1/4/2023 16:00:00,22.93000030517578,23.270000457763672,21.940000534057617,22.01000022888184,0
1/5/2023 16:00:00,22.200000762939453,22.920000076293945,21.96999931335449,22.459999084472656,0
1/6/2023 16:00:00,22.690000534057617,22.89999961853028,21.0,21.1299991607666,0
1/9/2023 16:00:00,21.75,21.979999542236328,21.270000457763672,21.96999931335449,0
1/10/2023 16:00:00,22.21999931335449,22.459999084472656,20.57999992370605,20.57999992370605,0
1/11/2023 16:00:00,20.799999237060547,21.25,20.6200008392334,21.09000015258789,0
1/12/2023 16:00:00,21.559999465942383,21.799999237060547,18.82999992370605,18.82999992370605,0
1/13/2023 16:00:00,19.0,19.40999984741211,18.010000228881836,18.350000381469727,0
1/17/2023 16:00:00,19.88999938964844,20.21999931335449,19.209999084472656,19.36000061035156,0
1/18/2023 16:00:00,19.280000686645508,20.57999992370605,18.709999084472656,20.34000015258789,0
1/19/2023 16:00:00,20.43000030517578,21.709999084472656,20.170000076293945,20.520000457763672,0
1/20/2023 16:00:00,20.280000686645508,20.700000762939453,19.40999984741211,19.850000381469727,0
1/23/2023 16:00:00,20.209999084472656,20.32999992370605,19.549999237060547,19.809999465942383,0
1/24/2023 16:00:00,19.88999938964844,20.46999931335449,18.90999984741211,19.200000762939453,0
1/25/2023 16:00:00,19.559999465942383,20.89999961853028,18.989999771118164,19.07999992370605,0
1/26/2023 16:00:00,19.049999237060547,19.479999542236328,18.670000076293945,18.729999542236328,0
1/27/2023 16:00:00,18.89999961853028,19.0,17.969999313354492,18.51000022888184,0
1/30/2023 16:00:00,19.76000022888184,20.25,19.540000915527344,19.940000534057617,0
1/31/2023 16:00:00,20.1200008392334,20.700000762939453,19.1299991607666,19.39999961853028,0
2/1/2023 16:00:00,19.6200008392334,20.040000915527344,17.700000762939453,17.8700008392334,0
2/2/2023 16:00:00,17.739999771118164,19.25,17.059999465942383,18.729999542236328,0
2/3/2023 16:00:00,18.56999969482422,19.299999237060547,17.93000030517578,18.32999992370605,0
2/6/2023 16:00:00,19.229999542236328,19.809999465942383,19.209999084472656,19.43000030517578,0
2/7/2023 16:00:00,19.540000915527344,19.989999771118164,18.43000030517578,18.65999984741211,0
2/8/2023 16:00:00,18.8799991607666,20.1200008392334,18.549999237060547,19.6299991607666,0
2/9/2023 16:00:00,19.239999771118164,21.07999992370605,19.020000457763672,20.709999084472656,0
2/10/2023 16:00:00,20.739999771118164,21.940000534057617,20.440000534057617,20.530000686645508,0
2/13/2023 16:00:00,21.65999984741211,21.690000534057617,20.32999992370605,20.34000015258789,0
2/14/2023 16:00:00,20.71999931335449,20.75,18.479999542236328,18.90999984741211,0
2/15/2023 16:00:00,19.3700008392334,19.40999984741211,18.11000061035156,18.229999542236328,0
2/16/2023 16:00:00,18.26000022888184,20.270000457763672,18.229999542236328,20.170000076293945,0
2/17/2023 16:00:00,20.940000534057617,21.299999237060547,19.81999969482422,20.020000457763672,0
2/21/2023 16:00:00,21.799999237060547,23.34000015258789,21.799999237060547,22.8700008392334,0
2/22/2023 16:00:00,23.030000686645508,23.6299991607666,22.020000457763672,22.290000915527344,0
2/23/2023 16:00:00,21.959999084472656,22.43000030517578,20.88999938964844,21.13999938964844,0
2/24/2023 16:00:00,21.350000381469727,22.89999961853028,21.31999969482422,21.670000076293945,0
2/27/2023 16:00:00,21.989999771118164,22.020000457763672,20.68000030517578,20.950000762939453,0
2/28/2023 16:00:00,21.299999237060547,21.3700008392334,20.100000381469727,20.700000762939453,0
3/1/2023 16:00:00,20.38999938964844,21.31999969482422,20.21999931335449,20.57999992370605,0
3/2/2023 16:00:00,21.40999984741211,21.420000076293945,19.549999237060547,19.59000015258789,0
3/3/2023 16:00:00,19.76000022888184,19.76000022888184,18.15999984741211,18.489999771118164,0
3/6/2023 16:00:00,19.049999237060547,19.190000534057617,18.489999771118164,18.61000061035156,0
3/7/2023 16:00:00,18.63999938964844,19.739999771118164,18.51000022888184,19.59000015258789,0
3/8/2023 16:00:00,19.709999084472656,20.01000022888184,19.0,19.11000061035156,0
3/9/2023 16:00:00,19.32999992370605,23.13999938964844,18.8799991607666,22.61000061035156,0
3/10/2023 16:00:00,23.34000015258789,28.96999931335449,21.790000915527344,24.799999237060547,0
3/13/2023 16:00:00,24.049999237060547,30.809999465942383,23.850000381469727,26.520000457763672,0
3/14/2023 16:00:00,26.850000381469727,27.239999771118164,22.270000457763672,23.729999542236328,0
3/15/2023 16:00:00,23.209999084472656,29.90999984741211,23.190000534057617,26.13999938964844,0
3/16/2023 16:00:00,26.190000534057617,27.489999771118164,22.96999931335449,22.989999771118164,0
3/17/2023 16:00:00,22.920000076293945,26.13999938964844,22.57999992370605,25.51000022888184,0
3/20/2023 16:00:00,27.770000457763672,28.90999984741211,24.0,24.14999961853028,0
3/21/2023 16:00:00,24.15999984741211,24.15999984741211,21.290000915527344,21.3799991607666,0
3/22/2023 16:00:00,21.799999237060547,22.3799991607666,19.940000534057617,22.26000022888184,0
3/23/2023 16:00:00,21.540000915527344,24.90999984741211,20.15999984741211,22.61000061035156,0
3/24/2023 16:00:00,22.11000061035156,25.209999084472656,21.600000381469727,21.739999771118164,0
3/27/2023 16:00:00,22.049999237060547,22.93000030517578,20.56999969482422,20.600000381469727,0
3/28/2023 16:00:00,20.530000686645508,21.39999961853028,19.90999984741211,19.96999931335449,0
3/29/2023 16:00:00,19.38999938964844,19.450000762939453,19.09000015258789,19.1200008392334,0
3/30/2023 16:00:00,19.1200008392334,20.07999992370605,18.850000381469727,19.020000457763672,0
3/31/2023 16:00:00,19.209999084472656,19.43000030517578,18.520000457763672,18.700000762939453,0
4/3/2023 16:00:00,19.790000915527344,19.82999992370605,18.540000915527344,18.549999237060547,0
4/4/2023 16:00:00,18.790000915527344,20.030000686645508,18.57999992370605,19.0,0
4/5/2023 16:00:00,19.420000076293945,20.07999992370605,19.0,19.07999992370605,0
4/6/2023 16:00:00,19.299999237060547,19.8799991607666,18.350000381469727,18.39999961853028,0
4/10/2023 16:00:00,19.38999938964844,20.049999237060547,18.93000030517578,18.96999931335449,0
4/11/2023 16:00:00,19.07999992370605,19.280000686645508,18.559999465942383,19.100000381469727,0
4/12/2023 16:00:00,19.3799991607666,19.979999542236328,18.25,19.09000015258789,0
4/13/2023 16:00:00,18.82999992370605,19.059999465942383,17.770000457763672,17.799999237060547,0
4/14/2023 16:00:00,17.940000534057617,18.1200008392334,17.06999969482422,17.06999969482422,0
4/17/2023 16:00:00,17.579999923706055,17.790000915527344,16.899999618530273,16.950000762939453,0
4/18/2023 16:00:00,16.940000534057617,17.34000015258789,16.579999923706055,16.829999923706055,0
4/19/2023 16:00:00,17.299999237060547,17.719999313354492,16.170000076293945,16.459999084472656,0
4/20/2023 16:00:00,16.850000381469727,17.690000534057617,16.329999923706055,17.170000076293945,0
4/21/2023 16:00:00,17.510000228881836,17.709999084472656,16.579999923706055,16.770000457763672,0
4/24/2023 16:00:00,18.21999931335449,18.239999771118164,16.739999771118164,16.889999389648438,0
4/25/2023 16:00:00,17.6200008392334,19.86000061035156,17.329999923706055,18.76000022888184,0
4/26/2023 16:00:00,18.65999984741211,19.61000061035156,17.8700008392334,18.84000015258789,0
4/27/2023 16:00:00,18.43000030517578,18.43000030517578,16.719999313354492,17.030000686645508,0
4/28/2023 16:00:00,17.209999084472656,17.649999618530273,15.720000267028809,15.779999732971191,0
5/1/2023 16:00:00,16.40999984741211,16.6200008392334,15.529999732971191,16.079999923706055,0
5/2/2023 16:00:00,16.270000457763672,19.809999465942383,16.260000228881836,17.780000686645508,0
5/3/2023 16:00:00,17.81999969482422,18.82999992370605,17.190000534057617,18.34000015258789,0
5/4/2023 16:00:00,19.170000076293945,21.32999992370605,18.670000076293945,20.09000015258789,0
5/5/2023 16:00:00,19.5,19.6299991607666,16.690000534057617,17.190000534057617,0
5/8/2023 16:00:00,17.729999542236328,17.8799991607666,16.829999923706055,16.979999542236328,0
5/9/2023 16:00:00,17.290000915527344,17.860000610351562,17.219999313354492,17.709999084472656,0
5/10/2023 16:00:00,17.579999923706055,18.309999465942383,16.360000610351562,16.940000534057617,0
5/11/2023 16:00:00,16.799999237060547,18.190000534057617,16.6299991607666,16.93000030517578,0
5/12/2023 16:00:00,16.829999923706055,17.920000076293945,16.3799991607666,17.030000686645508,0
5/15/2023 16:00:00,17.440000534057617,18.15999984741211,17.079999923706055,17.1200008392334,0
5/16/2023 16:00:00,17.540000915527344,18.299999237060547,17.260000228881836,17.989999771118164,0
5/17/2023 16:00:00,17.959999084472656,18.26000022888184,16.68000030517578,16.8700008392334,0
5/18/2023 16:00:00,16.920000076293945,17.149999618530273,16.049999237060547,16.049999237060547,0
5/19/2023 16:00:00,16.1299991607666,17.360000610351562,15.850000381469728,16.809999465942383,0
5/22/2023 16:00:00,17.450000762939453,18.1299991607666,16.81999969482422,17.209999084472656,0
5/23/2023 16:00:00,17.350000381469727,19.309999465942383,17.299999237060547,18.530000686645508,0
5/24/2023 16:00:00,18.799999237060547,20.809999465942383,18.799999237060547,20.030000686645508,0
5/25/2023 16:00:00,19.540000915527344,19.950000762939453,18.700000762939453,19.13999938964844,0
5/26/2023 16:00:00,19.06999969482422,19.559999465942383,17.270000457763672,17.950000762939453,0
5/30/2023 16:00:00,17.559999465942383,18.34000015258789,16.979999542236328,17.459999084472656,0
5/31/2023 16:00:00,18.040000915527344,18.39999961853028,17.1200008392334,17.940000534057617,0
6/1/2023 16:00:00,17.239999771118164,17.59000015258789,15.579999923706056,15.649999618530272,0
6/2/2023 16:00:00,15.649999618530272,15.649999618530272,14.420000076293944,14.600000381469728,0
6/5/2023 16:00:00,15.279999732971191,15.289999961853027,14.65999984741211,14.729999542236328,0
6/6/2023 16:00:00,14.90999984741211,14.970000267028809,13.949999809265137,13.960000038146973,0
6/7/2023 16:00:00,14.140000343322754,14.289999961853027,13.770000457763672,13.9399995803833,0
6/8/2023 16:00:00,14.140000343322754,14.210000038146973,13.529999732971191,13.649999618530272,0
6/9/2023 16:00:00,13.779999732971191,14.140000343322754,13.5,13.829999923706056,0
6/12/2023 16:00:00,14.4399995803833,15.020000457763672,14.31999969482422,15.010000228881836,0
6/13/2023 16:00:00,14.989999771118164,15.0600004196167,14.470000267028809,14.609999656677246,0
6/14/2023 16:00:00,14.479999542236328,14.729999542236328,13.829999923706056,13.880000114440918,0
6/15/2023 16:00:00,14.09000015258789,14.520000457763672,13.789999961853027,14.5,0
6/16/2023 16:00:00,14.489999771118164,14.539999961853027,13.479999542236328,13.539999961853027,0
6/20/2023 16:00:00,14.359999656677246,14.670000076293944,13.859999656677246,13.880000114440918,0
6/21/2023 16:00:00,13.880000114440918,13.890000343322754,13.100000381469728,13.199999809265137,0
6/22/2023 16:00:00,13.880000114440918,13.979999542236328,12.729999542236328,12.90999984741211,0
6/23/2023 16:00:00,13.239999771118164,13.800000190734863,12.880000114440918,13.4399995803833,0
6/26/2023 16:00:00,14.43000030517578,14.710000038146973,13.779999732971191,14.25,0
6/27/2023 16:00:00,14.109999656677246,14.34000015258789,13.59000015258789,13.739999771118164,0
6/28/2023 16:00:00,13.899999618530272,13.960000038146973,13.359999656677246,13.43000030517578,0
6/29/2023 16:00:00,13.640000343322754,13.850000381469728,13.40999984741211,13.539999961853027,0
6/30/2023 16:00:00,13.510000228881836,13.59000015258789,12.960000038146973,13.59000015258789,0
7/3/2023 16:00:00,13.850000381469728,13.850000381469728,13.470000267028809,13.56999969482422,0
7/5/2023 16:00:00,14.1899995803833,14.739999771118164,14.050000190734863,14.18000030517578,0
7/6/2023 16:00:00,14.850000381469728,17.079999923706055,14.789999961853027,15.4399995803833,0
7/7/2023 16:00:00,15.970000267028809,16.059999465942383,14.329999923706056,14.829999923706056,0
7/10/2023 16:00:00,16.079999923706055,16.209999084472656,15.039999961853027,15.06999969482422,0
7/11/2023 16:00:00,15.020000457763672,15.25,14.630000114440918,14.84000015258789,0
7/12/2023 16:00:00,14.81999969482422,14.81999969482422,13.510000228881836,13.539999961853027,0
7/13/2023 16:00:00,13.4399995803833,13.609999656677246,13.119999885559082,13.609999656677246,0
7/14/2023 16:00:00,13.720000267028809,13.760000228881836,13.220000267028809,13.34000015258789,0
7/17/2023 16:00:00,13.779999732971191,14.0,13.43000030517578,13.479999542236328,0
7/18/2023 16:00:00,13.609999656677246,13.670000076293944,13.289999961853027,13.300000190734863,0
7/19/2023 16:00:00,13.31999969482422,13.84000015258789,13.119999885559082,13.760000228881836,0
7/20/2023 16:00:00,13.960000038146973,14.229999542236328,13.579999923706056,13.989999771118164,0
7/21/2023 16:00:00,13.869999885559082,13.890000343322754,13.369999885559082,13.600000381469728,0
7/24/2023 16:00:00,14.289999961853027,14.300000190734863,13.729999542236328,13.90999984741211,0
7/25/2023 16:00:00,14.020000457763672,14.09000015258789,13.81999969482422,13.859999656677246,0
7/26/2023 16:00:00,13.859999656677246,14.15999984741211,13.149999618530272,13.1899995803833,0
7/27/2023 16:00:00,13.140000343322754,15.020000457763672,12.739999771118164,14.40999984741211,0
7/28/2023 16:00:00,14.029999732971191,14.18000030517578,13.270000457763672,13.329999923706056,0
7/31/2023 16:00:00,13.979999542236328,14.09000015258789,13.56999969482422,13.630000114440918,0
8/1/2023 16:00:00,13.75,14.300000190734863,13.75,13.93000030517578,0
8/2/2023 16:00:00,15.699999809265137,16.479999542236328,14.949999809265137,16.09000015258789,0
8/3/2023 16:00:00,16.770000457763672,17.420000076293945,15.720000267028809,15.920000076293944,0
8/4/2023 16:00:00,16.010000228881836,17.389999389648438,14.56999969482422,17.100000381469727,0
8/7/2023 16:00:00,16.899999618530273,17.360000610351562,15.770000457763672,15.770000457763672,0
8/8/2023 16:00:00,16.280000686645508,18.13999938964844,15.960000038146973,15.989999771118164,0
8/9/2023 16:00:00,15.8100004196167,16.8700008392334,15.380000114440918,15.960000038146973,0
8/10/2023 16:00:00,15.579999923706056,16.860000610351562,14.600000381469728,15.850000381469728,0
8/11/2023 16:00:00,15.529999732971191,16.510000228881836,14.84000015258789,14.84000015258789,0
8/14/2023 16:00:00,15.880000114440918,16.059999465942383,14.770000457763672,14.81999969482422,0
8/15/2023 16:00:00,14.949999809265137,16.56999969482422,14.90999984741211,16.459999084472656,0
8/16/2023 16:00:00,16.540000915527344,16.93000030517578,15.800000190734863,16.780000686645508,0
8/17/2023 16:00:00,16.959999084472656,18.1299991607666,16.399999618530273,17.889999389648438,0
8/18/2023 16:00:00,17.799999237060547,18.8799991607666,17.139999389648438,17.299999237060547,0
8/21/2023 16:00:00,18.030000686645508,18.11000061035156,16.8799991607666,17.1299991607666,0
8/22/2023 16:00:00,16.959999084472656,17.579999923706055,16.610000610351562,16.969999313354492,0
8/23/2023 16:00:00,16.639999389648438,17.100000381469727,15.90999984741211,15.979999542236328,0
8/24/2023 16:00:00,15.56999969482422,17.31999969482422,15.479999542236328,17.200000762939453,0
8/25/2023 16:00:00,17.209999084472656,17.360000610351562,15.449999809265137,15.68000030517578,0
8/28/2023 16:00:00,16.239999771118164,16.280000686645508,15.0,15.079999923706056,0
8/29/2023 16:00:00,15.079999923706056,15.300000190734863,14.34000015258789,14.449999809265137,0
8/30/2023 16:00:00,14.529999732971191,14.699999809265137,13.829999923706056,13.880000114440918,0
8/31/2023 16:00:00,13.979999542236328,14.0,13.4399995803833,13.56999969482422,0
9/1/2023 16:00:00,13.5600004196167,13.5600004196167,13.020000457763672,13.09000015258789,0
9/5/2023 16:00:00,14.149999618530272,14.470000267028809,13.699999809265137,14.010000228881836,0
9/6/2023 16:00:00,14.270000457763672,15.300000190734863,14.130000114440918,14.449999809265137,0
9/7/2023 16:00:00,14.8100004196167,15.6899995803833,14.399999618530272,14.399999618530272,0
9/8/2023 16:00:00,14.220000267028809,14.869999885559082,13.579999923706056,13.84000015258789,0
9/11/2023 16:00:00,14.170000076293944,14.329999923706056,13.739999771118164,13.800000190734863,0
9/12/2023 16:00:00,14.020000457763672,14.420000076293944,13.710000038146973,14.229999542236328,0
9/13/2023 16:00:00,14.420000076293944,14.68000030517578,13.40999984741211,13.479999542236328,0
9/14/2023 16:00:00,13.390000343322754,13.460000038146973,12.789999961853027,12.81999969482422,0
9/15/2023 16:00:00,12.699999809265137,14.170000076293944,12.68000030517578,13.789999961853027,0
9/18/2023 16:00:00,14.399999618530272,14.75,13.859999656677246,14.0,0
9/19/2023 16:00:00,14.109999656677246,14.880000114440918,13.859999656677246,14.109999656677246,0
9/20/2023 16:00:00,14.18000030517578,15.149999618530272,13.56999969482422,15.140000343322754,0
9/21/2023 16:00:00,15.489999771118164,17.540000915527344,15.100000381469728,17.540000915527344,0
9/22/2023 16:00:00,17.309999465942383,17.40999984741211,15.93000030517578,17.200000762939453,0
9/25/2023 16:00:00,17.25,18.40999984741211,16.790000915527344,16.899999618530273,0
9/26/2023 16:00:00,18.030000686645508,19.5,17.170000076293945,18.940000534057617,0
9/27/2023 16:00:00,18.290000915527344,19.709999084472656,18.030000686645508,18.21999931335449,0
9/28/2023 16:00:00,18.21999931335449,18.770000457763672,17.059999465942383,17.34000015258789,0
9/29/2023 16:00:00,16.8700008392334,17.739999771118164,15.829999923706056,17.520000457763672,0
10/2/2023 16:00:00,17.309999465942383,18.549999237060547,16.93000030517578,17.610000610351562,0
10/3/2023 16:00:00,17.809999465942383,20.479999542236328,17.520000457763672,19.780000686645508,0
10/4/2023 16:00:00,20.71999931335449,20.8799991607666,18.299999237060547,18.57999992370605,0
10/5/2023 16:00:00,18.670000076293945,19.57999992370605,18.26000022888184,18.489999771118164,0
10/6/2023 16:00:00,18.729999542236328,19.93000030517578,17.190000534057617,17.450000762939453,0
10/9/2023 16:00:00,19.540000915527344,19.600000381469727,17.559999465942383,17.700000762939453,0
10/10/2023 16:00:00,17.700000762939453,17.860000610351562,16.510000228881836,17.030000686645508,0
10/11/2023 16:00:00,16.950000762939453,17.780000686645508,16.09000015258789,16.09000015258789,0
10/12/2023 16:00:00,16.079999923706055,18.07999992370605,15.4399995803833,16.690000534057617,0
10/13/2023 16:00:00,16.530000686645508,20.780000686645508,16.5,19.31999969482422,0
10/16/2023 16:00:00,19.100000381469727,19.56999969482422,17.139999389648438,17.209999084472656,0
10/17/2023 16:00:00,17.40999984741211,18.540000915527344,16.969999313354492,17.8799991607666,0
10/18/2023 16:00:00,18.36000061035156,20.14999961853028,17.8799991607666,19.21999931335449,0
10/19/2023 16:00:00,19.729999542236328,21.39999961853028,18.549999237060547,21.39999961853028,0
10/20/2023 16:00:00,21.59000015258789,21.82999992370605,20.420000076293945,21.709999084472656,0
10/23/2023 16:00:00,21.82999992370605,23.07999992370605,19.479999542236328,20.3700008392334,0
10/24/2023 16:00:00,20.030000686645508,20.239999771118164,18.64999961853028,18.96999931335449,0
10/25/2023 16:00:00,19.38999938964844,21.239999771118164,18.86000061035156,20.190000534057617,0
10/26/2023 16:00:00,21.780000686645508,21.959999084472656,20.21999931335449,20.68000030517578,0
10/27/2023 16:00:00,20.38999938964844,22.06999969482422,19.71999931335449,21.270000457763672,0
10/30/2023 16:00:00,21.1299991607666,21.15999984741211,19.549999237060547,19.75,0
10/31/2023 16:00:00,19.86000061035156,19.86000061035156,17.969999313354492,18.13999938964844,0
11/1/2023 16:00:00,18.020000457763672,18.420000076293945,16.6299991607666,16.8700008392334,0
11/2/2023 16:00:00,16.59000015258789,16.6200008392334,15.579999923706056,15.65999984741211,0
11/3/2023 16:00:00,15.699999809265137,15.829999923706056,14.90999984741211,14.90999984741211,0
11/6/2023 16:00:00,15.390000343322754,15.579999923706056,14.84000015258789,14.890000343322754,0
11/7/2023 16:00:00,15.100000381469728,15.170000076293944,14.710000038146973,14.8100004196167,0
11/8/2023 16:00:00,14.90999984741211,15.09000015258789,14.300000190734863,14.449999809265137,0
11/9/2023 16:00:00,14.609999656677246,15.56999969482422,14.130000114440918,15.289999961853027,0
11/10/2023 16:00:00,15.09000015258789,15.449999809265137,14.15999984741211,14.170000076293944,0
11/13/2023 16:00:00,15.15999984741211,15.1899995803833,14.579999923706056,14.760000228881836,0
11/14/2023 16:00:00,14.829999923706056,14.859999656677246,13.90999984741211,14.15999984741211,0
11/15/2023 16:00:00,14.210000038146973,14.350000381469728,13.970000267028809,14.18000030517578,0
11/16/2023 16:00:00,14.119999885559082,14.420000076293944,13.68000030517578,14.31999969482422,0
11/17/2023 16:00:00,14.18000030517578,14.1899995803833,13.670000076293944,13.800000190734863,0
11/20/2023 16:00:00,14.260000228881836,14.3100004196167,13.390000343322754,13.40999984741211,0
11/21/2023 16:00:00,13.449999809265137,14.3100004196167,13.130000114440918,13.350000381469728,0
11/22/2023 16:00:00,13.079999923706056,13.25,12.81999969482422,12.850000381469728,0
11/24/2023 16:00:00,13.029999732971191,13.170000076293944,12.449999809265137,12.460000038146973,0
11/27/2023 16:00:00,13.140000343322754,13.279999732971191,12.640000343322754,12.6899995803833,0
11/28/2023 16:00:00,12.779999732971191,14.300000190734863,12.5600004196167,12.6899995803833,0
11/29/2023 16:00:00,12.710000038146973,13.100000381469728,12.479999542236328,12.979999542236328,0
11/30/2023 16:00:00,13.06999969482422,13.390000343322754,12.81999969482422,12.920000076293944,0
12/1/2023 16:00:00,12.9399995803833,12.960000038146973,12.479999542236328,12.630000114440918,0
12/4/2023 16:00:00,13.279999732971191,13.699999809265137,12.979999542236328,13.079999923706056,0
12/5/2023 16:00:00,13.260000228881836,13.760000228881836,12.8100004196167,12.850000381469728,0
12/6/2023 16:00:00,12.779999732971191,13.029999732971191,12.640000343322754,12.970000267028809,0
12/7/2023 16:00:00,13.170000076293944,13.279999732971191,12.949999809265137,13.0600004196167,0
12/8/2023 16:00:00,13.140000343322754,13.239999771118164,12.350000381469728,12.350000381469728,0
12/11/2023 16:00:00,13.050000190734863,13.140000343322754,12.609999656677246,12.630000114440918,0
12/12/2023 16:00:00,12.6899995803833,12.739999771118164,11.8100004196167,12.06999969482422,0
12/13/2023 16:00:00,12.199999809265137,12.460000038146973,11.81999969482422,12.1899995803833,0
12/14/2023 16:00:00,11.960000038146973,12.739999771118164,11.84000015258789,12.479999542236328,0
12/15/2023 16:00:00,12.119999885559082,12.539999961853027,12.010000228881836,12.279999732971191,0
12/18/2023 16:00:00,12.619999885559082,12.640000343322754,12.399999618530272,12.5600004196167,0
12/19/2023 16:00:00,12.600000381469728,12.600000381469728,12.329999923706056,12.529999732971191,0
12/20/2023 16:00:00,12.630000114440918,13.93000030517578,12.289999961853027,13.670000076293944,0
12/21/2023 16:00:00,13.399999618530272,14.489999771118164,13.34000015258789,13.649999618530272,0
12/22/2023 16:00:00,13.720000267028809,13.960000038146973,13.0,13.029999732971191,0
12/26/2023 16:00:00,13.770000457763672,13.800000190734863,12.960000038146973,12.989999771118164,0
12/27/2023 16:00:00,13.020000457763672,13.039999961853027,12.369999885559082,12.43000030517578,0
12/28/2023 16:00:00,12.4399995803833,12.649999618530272,12.380000114440918,12.470000267028809,0
12/29/2023 16:00:00,12.550000190734863,13.1899995803833,12.359999656677246,12.449999809265137,0
1/2/2024 16:00:00,13.220000267028809,14.229999542236328,13.100000381469728,13.199999809265137,0
1/3/2024 16:00:00,13.350000381469728,14.220000267028809,13.329999923706056,14.039999961853027,0
1/4/2024 16:00:00,13.93000030517578,14.199999809265137,13.640000343322754,14.130000114440918,0
1/5/2024 16:00:00,14.239999771118164,14.579999923706056,13.289999961853027,13.350000381469728,0
1/8/2024 16:00:00,14.0,14.18000030517578,13.020000457763672,13.079999923706056,0
1/9/2024 16:00:00,13.199999809265137,13.449999809265137,12.739999771118164,12.760000228881836,0
1/10/2024 16:00:00,12.859999656677246,12.949999809265137,12.670000076293944,12.6899995803833,0
1/11/2024 16:00:00,12.640000343322754,13.3100004196167,12.350000381469728,12.4399995803833,0
1/12/2024 16:00:00,12.65999984741211,13.079999923706056,12.470000267028809,12.699999809265137,0
1/16/2024 16:00:00,14.119999885559082,14.350000381469728,13.520000457763672,13.84000015258789,0
1/17/2024 16:00:00,14.59000015258789,15.399999618530272,14.380000114440918,14.789999961853027,0
1/18/2024 16:00:00,14.850000381469728,14.890000343322754,13.890000343322754,14.130000114440918,0
1/19/2024 16:00:00,13.800000190734863,14.579999923706056,13.279999732971191,13.300000190734863,0
1/22/2024 16:00:00,13.770000457763672,13.84000015258789,13.170000076293944,13.1899995803833,0
1/23/2024 16:00:00,13.199999809265137,13.289999961853027,12.529999732971191,12.550000190734863,0
1/24/2024 16:00:00,12.65999984741211,13.18000030517578,12.40999984741211,13.140000343322754,0
1/25/2024 16:00:00,13.18000030517578,13.579999923706056,13.0600004196167,13.449999809265137,0
1/26/2024 16:00:00,13.729999542236328,14.100000381469728,13.199999809265137,13.260000228881836,0
1/29/2024 16:00:00,13.979999542236328,15.350000381469728,13.59000015258789,13.600000381469728,0
1/30/2024 16:00:00,13.6899995803833,13.739999771118164,13.229999542236328,13.3100004196167,0
1/31/2024 16:00:00,13.420000076293944,14.609999656677246,13.18000030517578,14.350000381469728,0
2/1/2024 16:00:00,14.210000038146973,14.630000114440918,13.869999885559082,13.880000114440918,0
2/2/2024 16:00:00,13.949999809265137,14.229999542236328,13.390000343322754,13.850000381469728,0
2/5/2024 16:00:00,14.369999885559082,14.529999732971191,13.579999923706056,13.670000076293944,0
2/6/2024 16:00:00,13.56999969482422,13.779999732971191,12.979999542236328,13.0600004196167,0
2/7/2024 16:00:00,13.0600004196167,13.130000114440918,12.8100004196167,12.829999923706056,0
2/8/2024 16:00:00,12.949999809265137,13.170000076293944,12.739999771118164,12.789999961853027,0
2/9/2024 16:00:00,12.789999961853027,13.010000228881836,12.6899995803833,12.93000030517578,0
2/12/2024 16:00:00,13.479999542236328,13.9399995803833,13.34000015258789,13.93000030517578,0
2/13/2024 16:00:00,13.960000038146973,17.940000534057617,13.43000030517578,15.850000381469728,0
2/14/2024 16:00:00,15.380000114440918,15.470000267028809,14.220000267028809,14.380000114440918,0
2/15/2024 16:00:00,14.270000457763672,14.640000343322754,13.9399995803833,14.010000228881836,0
2/16/2024 16:00:00,13.9399995803833,14.710000038146973,13.75,14.239999771118164,0
2/20/2024 16:00:00,15.09000015258789,15.90999984741211,15.06999969482422,15.420000076293944,0
2/21/2024 16:00:00,15.539999961853027,16.1200008392334,15.220000267028809,15.34000015258789,0
2/22/2024 16:00:00,14.279999732971191,14.640000343322754,14.119999885559082,14.539999961853027,0
2/23/2024 16:00:00,14.3100004196167,14.3100004196167,13.640000343322754,13.75,0
2/26/2024 16:00:00,14.170000076293944,14.199999809265137,13.65999984741211,13.739999771118164,0
2/27/2024 16:00:00,13.630000114440918,13.75,13.40999984741211,13.43000030517578,0
2/28/2024 16:00:00,13.520000457763672,13.899999618530272,13.4399995803833,13.84000015258789,0
2/29/2024 16:00:00,14.140000343322754,14.149999618530272,13.300000190734863,13.399999618530272,0
3/1/2024 16:00:00,13.34000015258789,13.65999984741211,13.079999923706056,13.109999656677246,0
3/4/2024 16:00:00,13.489999771118164,13.579999923706056,13.31999969482422,13.489999771118164,0
3/5/2024 16:00:00,13.75,15.100000381469728,13.75,14.460000038146973,0
3/6/2024 16:00:00,14.270000457763672,14.93000030517578,13.890000343322754,14.5,0
3/7/2024 16:00:00,14.979999542236328,14.979999542236328,14.25,14.4399995803833,0
3/8/2024 16:00:00,14.220000267028809,15.529999732971191,13.970000267028809,14.739999771118164,0
3/11/2024 16:00:00,15.510000228881836,16.040000915527344,15.130000114440918,15.220000267028809,0
3/12/2024 16:00:00,14.970000267028809,15.199999809265137,13.8100004196167,13.84000015258789,0
3/13/2024 16:00:00,13.890000343322754,14.039999961853027,13.670000076293944,13.75,0
3/14/2024 16:00:00,13.619999885559082,15.329999923706056,13.420000076293944,14.399999618530272,0
3/15/2024 16:00:00,14.329999923706056,15.529999732971191,14.140000343322754,14.40999984741211,0
3/18/2024 16:00:00,14.75,14.850000381469728,14.260000228881836,14.329999923706056,0
3/19/2024 16:00:00,14.5,14.859999656677246,13.800000190734863,13.81999969482422,0
3/20/2024 16:00:00,13.829999923706056,14.170000076293944,13.010000228881836,13.039999961853027,0
3/21/2024 16:00:00,12.979999542236328,13.079999923706056,12.399999618530272,12.920000076293944,0
3/22/2024 16:00:00,12.920000076293944,13.149999618530272,12.579999923706056,13.0600004196167,0
3/25/2024 16:00:00,13.670000076293944,13.670000076293944,13.109999656677246,13.1899995803833,0
3/26/2024 16:00:00,13.119999885559082,13.43000030517578,12.84000015258789,13.239999771118164,0
3/27/2024 16:00:00,13.130000114440918,13.34000015258789,12.65999984741211,12.779999732971191,0
3/28/2024 16:00:00,12.93000030517578,13.100000381469728,12.84000015258789,13.010000228881836,0
4/1/2024 16:00:00,13.609999656677246,14.149999618530272,13.550000190734863,13.649999618530272,0
4/2/2024 16:00:00,13.739999771118164,15.43000030517578,13.68000030517578,14.609999656677246,0
4/3/2024 16:00:00,15.0,15.18000030517578,14.25,14.329999923706056,0
4/4/2024 16:00:00,14.289999961853027,16.920000076293945,13.739999771118164,16.350000381469727,0
4/5/2024 16:00:00,16.450000762939453,16.75,15.529999732971191,16.030000686645508,0
4/8/2024 16:00:00,16.239999771118164,16.5,15.109999656677246,15.1899995803833,0
4/9/2024 16:00:00,15.34000015258789,16.6299991607666,14.9399995803833,14.979999542236328,0
4/10/2024 16:00:00,15.239999771118164,16.6200008392334,14.59000015258789,15.800000190734863,0
4/11/2024 16:00:00,16.020000457763672,17.610000610351562,14.90999984741211,14.90999984741211,0
4/12/2024 16:00:00,14.90999984741211,19.200000762939453,14.90999984741211,17.309999465942383,0
4/15/2024 16:00:00,16.940000534057617,19.459999084472656,16.260000228881836,19.229999542236328,0
4/16/2024 16:00:00,19.489999771118164,19.559999465942383,17.639999389648438,18.39999961853028,0
4/17/2024 16:00:00,18.239999771118164,19.11000061035156,17.540000915527344,18.209999084472656,0
4/18/2024 16:00:00,17.90999984741211,18.3700008392334,17.209999084472656,18.0,0
4/19/2024 16:00:00,21.32999992370605,21.36000061035156,18.170000076293945,18.709999084472656,0
4/22/2024 16:00:00,18.59000015258789,18.71999931335449,16.690000534057617,16.940000534057617,0
4/23/2024 16:00:00,16.719999313354492,16.760000228881836,15.6899995803833,15.6899995803833,0
4/24/2024 16:00:00,15.760000228881836,16.3799991607666,15.579999923706056,15.970000267028809,0
4/25/2024 16:00:00,16.25,17.549999237060547,15.270000457763672,15.369999885559082,0
4/26/2024 16:00:00,15.489999771118164,16.059999465942383,14.920000076293944,15.029999732971191,0
4/29/2024 16:00:00,15.369999885559082,15.420000076293944,14.630000114440918,14.670000076293944,0
4/30/2024 16:00:00,14.81999969482422,15.899999618530272,14.670000076293944,15.649999618530272,0
5/1/2024 16:00:00,15.75,16.219999313354492,14.350000381469728,15.390000343322754,0
5/2/2024 16:00:00,15.140000343322754,16.09000015258789,14.600000381469728,14.68000030517578,0
5/3/2024 16:00:00,14.510000228881836,14.579999923706056,13.479999542236328,13.489999771118164,0
5/6/2024 16:00:00,13.979999542236328,14.020000457763672,13.4399995803833,13.489999771118164,0
5/7/2024 16:00:00,13.520000457763672,13.640000343322754,13.15999984741211,13.229999542236328,0
5/8/2024 16:00:00,13.239999771118164,13.510000228881836,12.9399995803833,13.0,0
5/9/2024 16:00:00,13.079999923706056,13.289999961853027,12.68000030517578,12.6899995803833,0
5/10/2024 16:00:00,12.770000457763672,12.960000038146973,12.5,12.550000190734863,0
5/13/2024 16:00:00,13.260000228881836,13.65999984741211,13.25,13.600000381469728,0
5/14/2024 16:00:00,13.710000038146973,14.029999732971191,13.270000457763672,13.420000076293944,0
5/15/2024 16:00:00,13.729999542236328,13.9399995803833,12.380000114440918,12.449999809265137,0
5/16/2024 16:00:00,12.520000457763672,12.670000076293944,12.329999923706056,12.420000076293944,0
5/17/2024 16:00:00,12.279999732971191,12.479999542236328,11.90999984741211,11.989999771118164,0
5/20/2024 16:00:00,12.270000457763672,12.59000015258789,12.06999969482422,12.149999618530272,0
5/21/2024 16:00:00,12.300000190734863,12.5600004196167,11.84000015258789,11.859999656677246,0
5/22/2024 16:00:00,12.050000190734863,12.8100004196167,11.779999732971191,12.289999961853027,0
5/23/2024 16:00:00,11.529999732971191,13.369999885559082,11.520000457763672,12.770000457763672,0
5/24/2024 16:00:00,12.859999656677246,12.890000343322754,11.890000343322754,11.93000030517578,0
5/28/2024 16:00:00,12.510000228881836,13.4399995803833,12.359999656677246,12.920000076293944,0
5/29/2024 16:00:00,13.75,14.31999969482422,13.6899995803833,14.279999732971191,0
5/30/2024 16:00:00,14.81999969482422,14.880000114440918,13.670000076293944,14.470000267028809,0
5/31/2024 16:00:00,14.5,14.869999885559082,12.84000015258789,12.920000076293944,0
6/3/2024 16:00:00,13.079999923706056,14.3100004196167,13.0,13.109999656677246,0
6/4/2024 16:00:00,13.510000228881836,14.079999923706056,13.109999656677246,13.15999984741211,0
6/5/2024 16:00:00,13.140000343322754,13.25,12.600000381469728,12.630000114440918,0
6/6/2024 16:00:00,12.75,12.979999542236328,12.539999961853027,12.579999923706056,0
6/7/2024 16:00:00,12.6899995803833,13.079999923706056,12.109999656677246,12.220000267028809,0
6/10/2024 16:00:00,13.09000015258789,13.279999732971191,12.619999885559082,12.739999771118164,0
6/11/2024 16:00:00,12.850000381469728,13.470000267028809,12.779999732971191,12.850000381469728,0
6/12/2024 16:00:00,13.100000381469728,13.149999618530272,11.9399995803833,12.039999961853027,0
6/13/2024 16:00:00,12.050000190734863,12.68000030517578,11.880000114440918,11.9399995803833,0
6/14/2024 16:00:00,12.220000267028809,13.449999809265137,12.119999885559082,12.65999984741211,0
6/17/2024 16:00:00,13.06999969482422,13.289999961853027,12.5,12.75,0
6/18/2024 16:00:00,12.699999809265137,12.739999771118164,12.239999771118164,12.300000190734863,0
6/20/2024 16:00:00,12.5,13.550000190734863,12.18000030517578,13.279999732971191,0
6/21/2024 16:00:00,13.220000267028809,13.779999732971191,12.989999771118164,13.199999809265137,0
6/24/2024 16:00:00,13.850000381469728,13.880000114440918,13.149999618530272,13.329999923706056,0
6/25/2024 16:00:00,13.479999542236328,13.520000457763672,12.84000015258789,12.84000015258789,0
6/26/2024 16:00:00,12.8100004196167,13.239999771118164,12.369999885559082,12.550000190734863,0
6/27/2024 16:00:00,12.6899995803833,12.770000457763672,12.210000038146973,12.239999771118164,0
6/28/2024 16:00:00,12.239999771118164,12.760000228881836,11.869999885559082,12.4399995803833,0
7/1/2024 16:00:00,12.979999542236328,13.260000228881836,12.100000381469728,12.220000267028809,0
7/2/2024 16:00:00,12.670000076293944,12.880000114440918,11.850000381469728,12.029999732971191,0
7/3/2024 16:00:00,12.130000114440918,12.229999542236328,11.949999809265137,12.09000015258789,0
7/5/2024 16:00:00,12.369999885559082,12.609999656677246,11.84000015258789,12.479999542236328,0
7/8/2024 16:00:00,12.90999984741211,12.90999984741211,12.3100004196167,12.369999885559082,0
7/9/2024 16:00:00,12.479999542236328,12.609999656677246,12.350000381469728,12.510000228881836,0
7/10/2024 16:00:00,12.510000228881836,12.920000076293944,12.390000343322754,12.850000381469728,0
7/11/2024 16:00:00,12.880000114440918,13.329999923706056,12.229999542236328,12.920000076293944,0
7/12/2024 16:00:00,12.869999885559082,12.890000343322754,12.109999656677246,12.460000038146973,0
7/15/2024 16:00:00,12.779999732971191,13.260000228881836,12.75,13.119999885559082,0
7/16/2024 16:00:00,13.380000114440918,13.470000267028809,12.949999809265137,13.1899995803833,0
7/17/2024 16:00:00,13.600000381469728,14.880000114440918,13.539999961853027,14.479999542236328,0
7/18/2024 16:00:00,14.270000457763672,16.43000030517578,14.079999923706056,15.93000030517578,0
7/19/2024 16:00:00,16.440000534057617,17.190000534057617,10.619999885559082,16.520000457763672,0
7/22/2024 16:00:00,16.790000915527344,16.889999389648438,14.75,14.90999984741211,0
7/23/2024 16:00:00,15.210000038146973,15.350000381469728,13.899999618530272,14.720000267028809,0
7/24/2024 16:00:00,15.350000381469728,18.459999084472656,15.18000030517578,18.040000915527344,0
7/25/2024 16:00:00,18.40999984741211,19.36000061035156,16.420000076293945,18.459999084472656,0
7/26/2024 16:00:00,17.969999313354492,18.049999237060547,16.3700008392334,16.389999389648438,0
7/29/2024 16:00:00,16.59000015258789,17.209999084472656,16.229999542236328,16.600000381469727,0
7/30/2024 16:00:00,16.639999389648438,18.31999969482422,16.260000228881836,17.690000534057617,0
7/31/2024 16:00:00,16.65999984741211,16.770000457763672,15.710000038146973,16.360000610351562,0
8/1/2024 16:00:00,16.200000762939453,19.479999542236328,15.949999809265137,18.59000015258789,0
8/2/2024 16:00:00,20.520000457763672,29.65999984741211,20.01000022888184,23.38999938964844,0
8/5/2024 16:00:00,23.38999938964844,65.7300033569336,23.38999938964844,38.56999969482422,0
8/6/2024 16:00:00,33.709999084472656,34.77000045776367,24.020000457763672,27.709999084472656,0
8/7/2024 16:00:00,24.770000457763672,29.76000022888184,21.96999931335449,27.850000381469727,0
8/8/2024 16:00:00,28.34000015258789,29.46999931335449,23.36000061035156,23.790000915527344,0
8/9/2024 16:00:00,23.780000686645508,24.520000457763672,20.26000022888184,20.3700008392334,0
8/12/2024 16:00:00,20.790000915527344,21.190000534057617,18.88999938964844,20.709999084472656,0
8/13/2024 16:00:00,20.059999465942383,20.790000915527344,17.950000762939453,18.1200008392334,0
8/14/2024 16:00:00,18.40999984741211,18.489999771118164,16.1200008392334,16.190000534057617,0
8/15/2024 16:00:00,16.270000457763672,16.68000030517578,14.770000457763672,15.229999542236328,0
8/16/2024 16:00:00,15.289999961853027,15.760000228881836,14.649999618530272,14.800000190734863,0
8/19/2024 16:00:00,15.9399995803833,16.06999969482422,14.460000038146973,14.649999618530272,0
8/20/2024 16:00:00,14.890000343322754,15.93000030517578,14.779999732971191,15.880000114440918,0
8/21/2024 16:00:00,16.25,17.170000076293945,15.920000076293944,16.270000457763672,0
8/22/2024 16:00:00,16.270000457763672,18.059999465942383,15.760000228881836,17.549999237060547,0
8/23/2024 16:00:00,17.1200008392334,17.209999084472656,15.609999656677246,15.859999656677246,0
8/26/2024 16:00:00,16.270000457763672,16.670000076293945,15.8100004196167,16.149999618530273,0
8/27/2024 16:00:00,16.209999084472656,16.809999465942383,15.369999885559082,15.43000030517578,0
8/28/2024 16:00:00,15.510000228881836,17.889999389648438,15.460000038146973,17.110000610351562,0
8/29/2024 16:00:00,16.540000915527344,16.56999969482422,15.1899995803833,15.649999618530272,0
8/30/2024 16:00:00,15.670000076293944,16.040000915527344,14.779999732971191,15.0,0
9/3/2024 16:00:00,15.760000228881836,21.989999771118164,15.710000038146973,20.71999931335449,0
9/4/2024 16:00:00,23.200000762939453,23.309999465942383,19.34000015258789,21.31999969482422,0
9/5/2024 16:00:00,20.75,21.530000686645508,19.209999084472656,19.89999961853028,0
9/6/2024 16:00:00,21.979999542236328,23.76000022888184,18.82999992370605,22.3799991607666,0
9/9/2024 16:00:00,21.31999969482422,21.40999984741211,19.290000915527344,19.450000762939453,0
9/10/2024 16:00:00,19.86000061035156,20.739999771118164,18.89999961853028,19.07999992370605,0
9/11/2024 16:00:00,19.40999984741211,21.40999984741211,17.549999237060547,17.690000534057617,0
9/12/2024 16:00:00,17.6200008392334,18.59000015258789,16.889999389648438,17.06999969482422,0
9/13/2024 16:00:00,17.030000686645508,17.18000030517578,16.229999542236328,16.559999465942383,0
9/16/2024 16:00:00,17.15999984741211,17.690000534057617,16.90999984741211,17.139999389648438,0
9/17/2024 16:00:00,17.15999984741211,18.07999992370605,16.670000076293945,17.610000610351562,0
9/18/2024 16:00:00,17.579999923706055,19.38999938964844,17.110000610351562,18.229999542236328,0
9/19/2024 16:00:00,17.209999084472656,17.270000457763672,16.209999084472656,16.329999923706055,0
9/20/2024 16:00:00,16.350000381469727,16.68000030517578,15.8100004196167,16.149999618530273,0
9/23/2024 16:00:00,16.709999084472656,16.950000762939453,15.75,15.890000343322754,0
9/24/2024 16:00:00,15.869999885559082,16.670000076293945,15.270000457763672,15.390000343322754,0
9/25/2024 16:00:00,15.81999969482422,15.81999969482422,15.170000076293944,15.40999984741211,0
9/26/2024 16:00:00,15.0600004196167,15.829999923706056,14.899999618530272,15.369999885559082,0
9/27/2024 16:00:00,15.640000343322754,16.969999313354492,15.199999809265137,16.959999084472656,0
9/30/2024 16:00:00,17.010000228881836,17.790000915527344,16.469999313354492,16.729999542236328,0
10/1/2024 16:00:00,16.959999084472656,20.729999542236328,16.610000610351562,19.26000022888184,0
10/2/2024 16:00:00,19.64999961853028,20.36000061035156,18.57999992370605,18.89999961853028,0
10/3/2024 16:00:00,19.6299991607666,20.75,19.15999984741211,20.489999771118164,0
10/4/2024 16:00:00,20.479999542236328,20.479999542236328,18.479999542236328,19.209999084472656,0
10/7/2024 16:00:00,20.76000022888184,23.030000686645508,20.64999961853028,22.63999938964844,0
10/8/2024 16:00:00,22.920000076293945,23.13999938964844,21.13999938964844,21.420000076293945,0
10/9/2024 16:00:00,21.979999542236328,22.01000022888184,20.709999084472656,20.86000061035156,0
10/10/2024 16:00:00,20.90999984741211,21.38999938964844,20.63999938964844,20.93000030517578,0
10/11/2024 16:00:00,20.8700008392334,21.15999984741211,20.13999938964844,20.459999084472656,0
10/14/2024 16:00:00,20.86000061035156,20.86000061035156,19.690000534057617,19.700000762939453,0
10/15/2024 16:00:00,19.61000061035156,20.88999938964844,19.440000534057617,20.63999938964844,0
10/16/2024 16:00:00,20.770000457763672,21.01000022888184,19.450000762939453,19.57999992370605,0
10/17/2024 16:00:00,19.549999237060547,19.64999961853028,18.8799991607666,19.11000061035156,0
10/18/2024 16:00:00,19.299999237060547,19.31999969482422,17.989999771118164,18.030000686645508,0
10/21/2024 16:00:00,18.780000686645508,19.34000015258789,18.36000061035156,18.3700008392334,0
10/22/2024 16:00:00,18.790000915527344,19.440000534057617,18.049999237060547,18.200000762939453,0
10/23/2024 16:00:00,18.209999084472656,20.46999931335449,18.18000030517578,19.239999771118164,0
10/24/2024 16:00:00,18.8700008392334,20.239999771118164,18.6299991607666,19.07999992370605,0
10/25/2024 16:00:00,19.21999931335449,20.51000022888184,18.229999542236328,20.32999992370605,0
10/28/2024 16:00:00,19.11000061035156,19.8799991607666,18.90999984741211,19.799999237060547,0
10/29/2024 16:00:00,19.75,20.530000686645508,19.059999465942383,19.34000015258789,0
10/30/2024 16:00:00,19.32999992370605,20.440000534057617,19.299999237060547,20.350000381469727,0
10/31/2024 16:00:00,21.440000534057617,23.420000076293945,21.1200008392334,23.15999984741211,0
11/1/2024 16:00:00,22.959999084472656,23.09000015258789,21.15999984741211,21.8799991607666,0
11/4/2024 16:00:00,22.5,23.06999969482422,21.729999542236328,21.979999542236328,0
11/5/2024 16:00:00,21.979999542236328,22.059999465942383,20.200000762939453,20.489999771118164,0
11/6/2024 16:00:00,16.059999465942383,16.81999969482422,15.4399995803833,16.270000457763672,0
11/7/2024 16:00:00,15.859999656677246,15.859999656677246,15.130000114440918,15.199999809265137,0
11/8/2024 16:00:00,15.130000114440918,15.329999923706056,14.65999984741211,14.9399995803833,0
11/11/2024 16:00:00,15.329999923706056,15.5600004196167,14.890000343322754,14.970000267028809,0
11/12/2024 16:00:00,15.09000015258789,15.369999885559082,14.6899995803833,14.710000038146973,0
11/13/2024 16:00:00,15.09000015258789,15.260000228881836,13.770000457763672,14.020000457763672,0
11/14/2024 16:00:00,14.170000076293944,14.31999969482422,13.59000015258789,14.3100004196167,0
11/15/2024 16:00:00,15.020000457763672,17.549999237060547,14.5600004196167,16.139999389648438,0
11/18/2024 16:00:00,16.600000381469727,17.0,15.350000381469728,15.579999923706056,0
11/19/2024 16:00:00,15.4399995803833,17.93000030517578,15.369999885559082,16.350000381469727,0
11/20/2024 16:00:00,16.190000534057617,18.790000915527344,16.040000915527344,17.15999984741211,0
11/21/2024 16:00:00,17.100000381469727,17.989999771118164,15.729999542236328,16.8700008392334,0
11/22/2024 16:00:00,16.670000076293945,17.559999465942383,15.239999771118164,15.239999771118164,0
11/25/2024 16:00:00,15.229999542236328,15.720000267028809,14.539999961853027,14.600000381469728,0
11/26/2024 16:00:00,14.949999809265137,15.029999732971191,13.880000114440918,14.100000381469728,0
11/27/2024 16:00:00,14.279999732971191,15.130000114440918,13.960000038146973,14.100000381469728,0
11/29/2024 16:00:00,14.0,14.149999618530272,13.489999771118164,13.510000228881836,0
12/2/2024 16:00:00,14.079999923706056,14.100000381469728,13.300000190734863,13.34000015258789,0
12/3/2024 16:00:00,13.380000114440918,13.770000457763672,13.1899995803833,13.300000190734863,0
12/4/2024 16:00:00,13.15999984741211,13.609999656677246,12.890000343322754,13.449999809265137,0
12/5/2024 16:00:00,13.460000038146973,13.699999809265137,13.260000228881836,13.539999961853027,0
12/6/2024 16:00:00,13.619999885559082,13.739999771118164,12.699999809265137,12.770000457763672,0
12/9/2024 16:00:00,13.359999656677246,14.229999542236328,13.350000381469728,14.1899995803833,0
12/10/2024 16:00:00,14.300000190734863,14.539999961853027,13.859999656677246,14.18000030517578,0
12/11/2024 16:00:00,14.420000076293944,14.43000030517578,13.520000457763672,13.579999923706056,0
12/12/2024 16:00:00,13.729999542236328,13.949999809265137,13.390000343322754,13.920000076293944,0
12/13/2024 16:00:00,13.56999969482422,14.25,13.239999771118164,13.8100004196167,0
12/16/2024 16:00:00,14.369999885559082,14.6899995803833,13.989999771118164,14.6899995803833,0
12/17/2024 16:00:00,14.979999542236328,15.9399995803833,14.779999732971191,15.869999885559082,0
12/18/2024 16:00:00,15.56999969482422,28.31999969482422,14.81999969482422,27.6200008392334,0
12/19/2024 16:00:00,21.61000061035156,24.1200008392334,20.15999984741211,24.09000015258789,0
12/20/2024 16:00:00,24.13999938964844,26.51000022888184,17.81999969482422,18.36000061035156,0
12/23/2024 16:00:00,18.09000015258789,20.020000457763672,16.739999771118164,16.780000686645508,0
12/24/2024 16:00:00,16.969999313354492,17.040000915527344,14.270000457763672,14.270000457763672,0
12/26/2024 16:00:00,14.989999771118164,15.93000030517578,14.550000190734863,14.729999542236328,0
12/27/2024 16:00:00,15.380000114440918,18.450000762939453,15.289999961853027,15.949999809265137,0
12/30/2024 16:00:00,17.209999084472656,19.21999931335449,16.440000534057617,17.399999618530273,0
12/31/2024 16:00:00,17.389999389648438,17.809999465942383,16.68000030517578,17.350000381469727,0
1/2/2025 16:00:00,17.209999084472656,19.5,16.959999084472656,17.93000030517578,0
1/3/2025 16:00:00,17.65999984741211,17.940000534057617,16.110000610351562,16.1299991607666,0
1/6/2025 16:00:00,16.770000457763672,16.8700008392334,15.710000038146973,16.040000915527344,0
1/7/2025 16:00:00,16.479999542236328,18.89999961853028,15.789999961853027,17.81999969482422,0
1/8/2025 16:00:00,17.90999984741211,19.5,17.3700008392334,17.700000762939453,0
1/10/2025 16:00:00,18.290000915527344,20.309999465942383,18.049999237060547,19.540000915527344,0
1/13/2025 16:00:00,21.18000030517578,22.040000915527344,19.14999961853028,19.190000534057617,0
1/14/2025 16:00:00,18.790000915527344,19.65999984741211,18.239999771118164,18.709999084472656,0
1/15/2025 16:00:00,19.07999992370605,19.13999938964844,15.960000038146973,16.1200008392334,0
1/16/2025 16:00:00,15.869999885559082,16.600000381469727,15.640000343322754,16.600000381469727,0
1/17/2025 16:00:00,16.190000534057617,16.229999542236328,15.529999732971191,15.970000267028809,0
1/21/2025 16:00:00,16.290000915527344,16.290000915527344,14.93000030517578,15.0600004196167,0
1/22/2025 16:00:00,14.890000343322754,15.289999961853027,14.59000015258789,15.100000381469728,0
1/23/2025 16:00:00,15.279999732971191,15.390000343322754,14.59000015258789,15.020000457763672,0
1/24/2025 16:00:00,15.020000457763672,15.15999984741211,14.579999923706056,14.850000381469728,0
1/27/2025 16:00:00,18.82999992370605,22.51000022888184,17.56999969482422,17.899999618530273,0
1/28/2025 16:00:00,18.290000915527344,18.38999938964844,16.25,16.40999984741211,0
1/29/2025 16:00:00,16.420000076293945,18.07999992370605,16.170000076293945,16.559999465942383,0
1/30/2025 16:00:00,15.93000030517578,16.420000076293945,15.31999969482422,15.84000015258789,0
1/31/2025 16:00:00,15.449999809265137,17.09000015258789,14.899999618530272,16.43000030517578,0
2/3/2025 16:00:00,20.36000061035156,20.420000076293945,17.65999984741211,18.6200008392334,0
2/4/2025 16:00:00,18.780000686645508,19.11000061035156,16.780000686645508,17.209999084472656,0
2/5/2025 16:00:00,17.540000915527344,17.75,15.770000457763672,15.770000457763672,0
2/6/2025 16:00:00,15.880000114440918,16.149999618530273,14.989999771118164,15.5,0
2/7/2025 16:00:00,15.380000114440918,16.65999984741211,14.789999961853027,16.540000915527344,0
2/10/2025 16:00:00,16.579999923706055,16.610000610351562,15.699999809265137,15.8100004196167,0
2/11/2025 16:00:00,16.1299991607666,16.420000076293945,15.75,16.020000457763672,0
2/12/2025 16:00:00,15.90999984741211,17.18000030517578,15.640000343322754,15.890000343322754,0
2/13/2025 16:00:00,15.970000267028809,16.329999923706055,14.979999542236328,15.100000381469728,0
2/14/2025 16:00:00,15.079999923706056,15.420000076293944,14.739999771118164,14.770000457763672,0
2/18/2025 16:00:00,15.56999969482422,16.030000686645508,15.350000381469728,15.350000381469728,0
2/19/2025 16:00:00,15.140000343322754,15.960000038146973,15.050000190734863,15.270000457763672,0
2/20/2025 16:00:00,15.609999656677246,16.6299991607666,15.119999885559082,15.65999984741211,0
2/21/2025 16:00:00,15.630000114440918,19.030000686645508,15.279999732971191,18.209999084472656,0
2/24/2025 16:00:00,18.07999992370605,20.239999771118164,17.309999465942383,18.979999542236328,0
2/25/2025 16:00:00,19.09000015258789,21.479999542236328,18.850000381469727,19.43000030517578,0
2/26/2025 16:00:00,18.959999084472656,20.059999465942383,17.829999923706055,19.100000381469727,0
2/27/2025 16:00:00,18.25,21.46999931335449,17.670000076293945,21.1299991607666,0
2/28/2025 16:00:00,21.209999084472656,22.39999961853028,19.049999237060547,19.6299991607666,0
3/3/2025 16:00:00,19.82999992370605,24.309999465942383,19.25,22.780000686645508,0
3/4/2025 16:00:00,22.959999084472656,26.350000381469727,21.709999084472656,23.51000022888184,0
3/5/2025 16:00:00,23.030000686645508,24.84000015258789,21.3700008392334,21.93000030517578,0
3/6/2025 16:00:00,22.600000381469727,25.920000076293945,22.38999938964844,24.8700008392334,0
3/7/2025 16:00:00,24.850000381469727,26.559999465942383,23.09000015258789,23.3700008392334,0
3/10/2025 16:00:00,24.700000762939453,29.559999465942383,24.68000030517578,27.86000061035156,0
3/11/2025 16:00:00,27.940000534057617,29.56999969482422,26.18000030517578,26.920000076293945,0
3/12/2025 16:00:00,26.8799991607666,26.90999984741211,23.88999938964844,24.229999542236328,0
3/13/2025 16:00:00,24.920000076293945,26.1299991607666,23.459999084472656,24.65999984741211,0
3/14/2025 16:00:00,24.350000381469727,24.36000061035156,21.479999542236328,21.770000457763672,0
3/17/2025 16:00:00,22.88999938964844,22.950000762939453,20.31999969482422,20.51000022888184,0
3/18/2025 16:00:00,20.82999992370605,22.56999969482422,20.40999984741211,21.700000762939453,0
3/19/2025 16:00:00,21.84000015258789,22.100000381469727,19.420000076293945,19.89999961853028,0
3/20/2025 16:00:00,19.520000457763672,21.170000076293945,19.299999237060547,19.799999237060547,0
3/21/2025 16:00:00,20.020000457763672,21.13999938964844,19.14999961853028,19.280000686645508,0
3/24/2025 16:00:00,19.1299991607666,19.13999938964844,17.459999084472656,17.479999542236328,0
3/25/2025 16:00:00,17.579999923706055,17.770000457763672,17.020000457763672,17.149999618530273,0
3/26/2025 16:00:00,17.229999542236328,19.06999969482422,16.969999313354492,18.32999992370605,0
3/27/2025 16:00:00,18.36000061035156,19.280000686645508,17.950000762939453,18.690000534057617,0
3/28/2025 16:00:00,19.07999992370605,22.18000030517578,18.920000076293945,21.64999961853028,0
3/31/2025 16:00:00,24.11000061035156,24.799999237060547,21.670000076293945,22.280000686645508,0
4/1/2025 16:00:00,22.059999465942383,23.520000457763672,21.57999992370605,21.770000457763672,0
4/2/2025 16:00:00,22.299999237060547,23.65999984741211,20.68000030517578,21.51000022888184,0
4/3/2025 16:00:00,26.3799991607666,30.020000457763672,24.93000030517578,30.020000457763672,0
4/4/2025 16:00:00,30.1200008392334,45.61000061035156,29.989999771118164,45.310001373291016,0
4/7/2025 16:00:00,60.130001068115234,60.130001068115234,38.58000183105469,46.97999954223633,0
4/8/2025 16:00:00,44.040000915527344,57.52000045776367,36.47999954223633,52.33000183105469,0
4/9/2025 16:00:00,50.97999954223633,57.959999084472656,31.89999961853028,33.619998931884766,0
4/10/2025 16:00:00,34.439998626708984,54.869998931884766,34.439998626708984,40.720001220703125,0
4/11/2025 16:00:00,40.79999923706055,46.119998931884766,36.84999847412109,37.560001373291016,0
4/14/2025 16:00:00,34.7599983215332,35.16999816894531,29.75,30.88999938964844,0
4/15/2025 16:00:00,30.01000022888184,31.450000762939453,28.290000915527344,30.1200008392334,0
4/16/2025 16:00:00,33.2400016784668,34.959999084472656,29.479999542236328,32.63999938964844,0
4/17/2025 16:00:00,30.790000915527344,32.54999923706055,29.56999969482422,29.64999961853028,0
4/21/2025 16:00:00,32.75,35.75,31.790000915527344,33.81999969482422,0
4/22/2025 16:00:00,32.61000061035156,32.68000030517578,30.07999992370605,30.56999969482422,0
4/23/2025 16:00:00,28.75,30.290000915527344,27.11000061035156,28.450000762939453,0
4/24/2025 16:00:00,28.690000534057617,29.65999984741211,26.36000061035156,26.46999931335449,0
4/25/2025 16:00:00,26.21999931335449,27.200000762939453,24.84000015258789,24.84000015258789,0
4/28/2025 16:00:00,25.75,26.93000030517578,24.700000762939453,25.14999961853028,0
4/29/2025 16:00:00,24.76000022888184,25.989999771118164,23.76000022888184,24.170000076293945,0
4/30/2025 16:00:00,24.350000381469727,28.170000076293945,24.229999542236328,24.700000762939453,0
5/1/2025 16:00:00,23.940000534057617,25.18000030517578,23.299999237060547,24.600000381469727,0
5/2/2025 16:00:00,23.6299991607666,24.31999969482422,22.34000015258789,22.68000030517578,0
5/5/2025 16:00:00,24.25,24.6299991607666,22.809999465942383,23.63999938964844,0
5/6/2025 16:00:00,23.96999931335449,25.11000061035156,23.89999961853028,24.76000022888184,0
5/7/2025 16:00:00,24.559999465942383,25.6200008392334,23.290000915527344,23.549999237060547,0
5/8/2025 16:00:00,22.84000015258789,23.61000061035156,21.8799991607666,22.479999542236328,0
5/9/2025 16:00:00,22.39999961853028,22.81999969482422,21.82999992370605,21.89999961853028,0
5/12/2025 16:00:00,19.84000015258789,20.440000534057617,18.13999938964844,18.38999938964844,0
5/13/2025 16:00:00,18.690000534057617,18.850000381469727,17.649999618530273,18.21999931335449,0
5/14/2025 16:00:00,18.100000381469727,18.81999969482422,18.059999465942383,18.6200008392334,0
5/15/2025 16:00:00,19.190000534057617,19.3799991607666,17.770000457763672,17.829999923706055,0
5/16/2025 16:00:00,17.959999084472656,17.959999084472656,17.149999618530273,17.239999771118164,0
5/19/2025 16:00:00,19.84000015258789,19.920000076293945,17.920000076293945,18.13999938964844,0
5/20/2025 16:00:00,18.459999084472656,18.68000030517578,17.700000762939453,18.09000015258789,0
5/21/2025 16:00:00,18.770000457763672,21.049999237060547,17.770000457763672,20.8700008392334,0
5/22/2025 16:00:00,20.6200008392334,22.06999969482422,19.63999938964844,20.280000686645508,0
5/23/2025 16:00:00,20.13999938964844,25.530000686645508,19.82999992370605,22.290000915527344,0
5/27/2025 16:00:00,20.6299991607666,21.01000022888184,18.950000762939453,18.959999084472656,0
5/28/2025 16:00:00,19.209999084472656,19.43000030517578,18.68000030517578,19.309999465942383,0
5/29/2025 16:00:00,18.25,20.200000762939453,18.11000061035156,19.18000030517578,0
5/30/2025 16:00:00,19.61000061035156,20.549999237060547,18.56999969482422,18.56999969482422,0
6/2/2025 16:00:00,19.809999465942383,20.450000762939453,18.36000061035156,18.36000061035156,0
6/3/2025 16:00:00,18.82999992370605,19.209999084472656,17.639999389648438,17.690000534057617,0
6/4/2025 16:00:00,17.68000030517578,18.06999969482422,17.40999984741211,17.610000610351562,0
6/5/2025 16:00:00,17.68000030517578,18.799999237060547,17.079999923706055,18.479999542236328,0
6/6/2025 16:00:00,18.15999984741211,18.350000381469727,16.649999618530273,16.770000457763672,0
6/9/2025 16:00:00,17.690000534057617,17.719999313354492,16.81999969482422,17.15999984741211,0
6/10/2025 16:00:00,17.5,17.989999771118164,16.68000030517578,16.950000762939453,0
6/11/2025 16:00:00,17.040000915527344,18.09000015258789,16.229999542236328,17.260000228881836,0
6/12/2025 16:00:00,17.8700008392334,18.8700008392334,17.43000030517578,18.020000457763672,0
6/13/2025 16:00:00,21.76000022888184,22.0,18.8799991607666,20.81999969482422,0
6/16/2025 16:00:00,19.780000686645508,20.21999931335449,18.670000076293945,19.11000061035156,0
6/17/2025 16:00:00,20.530000686645508,21.790000915527344,19.549999237060547,21.600000381469727,0
6/18/2025 16:00:00,20.89999961853028,21.57999992370605,19.59000015258789,20.13999938964844,0
6/20/2025 16:00:00,20.739999771118164,21.06999969482422,19.11000061035156,20.6200008392334,0
6/23/2025 16:00:00,21.14999961853028,22.51000022888184,19.81999969482422,19.82999992370605,0
6/24/2025 16:00:00,18.190000534057617,18.71999931335449,17.329999923706055,17.479999542236328,0
6/25/2025 16:00:00,17.280000686645508,17.510000228881836,16.68000030517578,16.760000228881836,0
6/26/2025 16:00:00,16.670000076293945,16.780000686645508,16.110000610351562,16.59000015258789,0
6/27/2025 16:00:00,16.309999465942383,17.290000915527344,16.1200008392334,16.31999969482422,0
6/30/2025 16:00:00,17.190000534057617,17.43000030517578,16.549999237060547,16.729999542236328,0
7/1/2025 16:00:00,16.979999542236328,17.479999542236328,16.510000228881836,16.829999923706055,0
7/2/2025 16:00:00,16.75,17.3700008392334,16.540000915527344,16.639999389648438,0
7/3/2025 16:00:00,16.649999618530273,16.829999923706055,16.139999389648438,16.3799991607666,0
7/7/2025 16:00:00,17.829999923706055,18.5,17.510000228881836,17.790000915527344,0
7/8/2025 16:00:00,17.40999984741211,17.440000534057617,16.540000915527344,16.809999465942383,0
7/9/2025 16:00:00,16.760000228881836,16.760000228881836,15.760000228881836,15.9399995803833,0
7/10/2025 16:00:00,16.229999542236328,16.239999771118164,15.699999809265137,15.779999732971191,0
7/11/2025 16:00:00,16.40999984741211,17.239999771118164,15.979999542236328,16.399999618530273,0
7/14/2025 16:00:00,17.729999542236328,17.850000381469727,16.90999984741211,17.200000762939453,0
7/15/2025 16:00:00,16.889999389648438,17.389999389648438,16.559999465942383,17.3799991607666,0
7/16/2025 16:00:00,17.65999984741211,19.479999542236328,16.690000534057617,17.15999984741211,0
7/17/2025 16:00:00,17.15999984741211,17.3700008392334,16.479999542236328,16.520000457763672,0
7/18/2025 16:00:00,16.43000030517578,16.809999465942383,16.280000686645508,16.40999984741211,0
7/21/2025 16:00:00,16.8700008392334,16.989999771118164,16.299999237060547,16.649999618530273,0
7/22/2025 16:00:00,16.75,17.479999542236328,16.43000030517578,16.5,0
7/23/2025 16:00:00,16.229999542236328,16.31999969482422,15.31999969482422,15.369999885559082,0
7/24/2025 16:00:00,15.390000343322754,15.539999961853027,14.949999809265137,15.390000343322754,0
7/25/2025 16:00:00,15.329999923706056,15.390000343322754,14.920000076293944,14.93000030517578,0
7/28/2025 16:00:00,15.149999618530272,15.539999961853027,15.0,15.029999732971191,0
7/29/2025 16:00:00,14.949999809265137,16.1200008392334,14.699999809265137,15.979999542236328,0
7/30/2025 16:00:00,15.869999885559082,17.270000457763672,15.4399995803833,15.479999542236328,0
7/31/2025 16:00:00,14.989999771118164,17.170000076293945,14.739999771118164,16.719999313354492,0
8/1/2025 16:00:00,17.399999618530273,21.89999961853028,17.389999389648438,20.3799991607666,0
8/4/2025 16:00:00,19.559999465942383,19.57999992370605,17.479999542236328,17.520000457763672,0
8/5/2025 16:00:00,17.209999084472656,18.940000534057617,17.110000610351562,17.850000381469727,0
8/6/2025 16:00:00,17.219999313354492,17.8799991607666,16.559999465942383,16.770000457763672,0
8/7/2025 16:00:00,16.40999984741211,17.639999389648438,15.979999542236328,16.56999969482422,0
8/8/2025 16:00:00,16.479999542236328,16.520000457763672,15.149999618530272,15.149999618530272,0
8/11/2025 16:00:00,15.8100004196167,16.360000610351562,15.520000457763672,16.25,0
8/12/2025 16:00:00,16.09000015258789,16.559999465942383,14.65999984741211,14.729999542236328,0
8/13/2025 16:00:00,14.619999885559082,14.8100004196167,14.300000190734863,14.489999771118164,0
8/14/2025 16:00:00,14.65999984741211,15.390000343322754,14.56999969482422,14.829999923706056,0
8/15/2025 16:00:00,14.43000030517578,15.18000030517578,14.399999618530272,15.09000015258789,0
8/18/2025 16:00:00,15.729999542236328,15.949999809265137,14.949999809265137,14.989999771118164,0
8/19/2025 16:00:00,15.229999542236328,15.90999984741211,14.760000228881836,15.56999969482422,0
8/20/2025 16:00:00,15.949999809265137,17.190000534057617,15.56999969482422,15.6899995803833,0
8/21/2025 16:00:00,15.720000267028809,17.239999771118164,15.649999618530272,16.600000381469727,0
8/22/2025 16:00:00,16.809999465942383,16.829999923706055,14.210000038146973,14.220000267028809,0
8/25/2025 16:00:00,15.050000190734863,15.1899995803833,14.239999771118164,14.789999961853027,0
8/26/2025 16:00:00,15.75,15.75,14.619999885559082,14.619999885559082,0
8/27/2025 16:00:00,14.65999984741211,15.229999542236328,14.65999984741211,14.850000381469728,0
8/28/2025 16:00:00,14.420000076293944,14.6899995803833,14.119999885559082,14.43000030517578,0
8/29/2025 16:00:00,14.3100004196167,15.970000267028809,14.3100004196167,15.359999656677246,0
9/2/2025 16:00:00,16.649999618530273,19.3799991607666,16.549999237060547,17.170000076293945,0
9/3/2025 16:00:00,17.399999618530273,17.56999969482422,16.34000015258789,16.350000381469727,0
9/4/2025 16:00:00,16.219999313354492,16.350000381469727,15.279999732971191,15.300000190734863,0
9/5/2025 16:00:00,15.229999542236328,16.920000076293945,14.739999771118164,15.18000030517578,0
9/8/2025 16:00:00,15.579999923706056,15.649999618530272,14.989999771118164,15.109999656677246,0
9/9/2025 16:00:00,15.020000457763672,15.81999969482422,14.970000267028809,15.039999961853027,0
9/10/2025 16:00:00,14.979999542236328,15.630000114440918,14.630000114440918,15.350000381469728,0
9/11/2025 16:00:00,15.1899995803833,15.239999771118164,14.649999618530272,14.710000038146973,0
9/12/2025 16:00:00,14.619999885559082,14.970000267028809,14.40999984741211,14.760000228881836,0
9/15/2025 16:00:00,15.140000343322754,15.84000015258789,14.920000076293944,15.6899995803833,0
9/16/2025 16:00:00,15.600000381469728,16.3799991607666,15.4399995803833,16.360000610351562,0
9/17/2025 16:00:00,16.420000076293945,16.75,15.260000228881836,15.720000267028809,0
9/18/2025 16:00:00,14.93000030517578,15.800000190734863,14.329999923706056,15.699999809265137,0
9/19/2025 16:00:00,15.760000228881836,16.1299991607666,15.289999961853027,15.449999809265137,0
9/22/2025 16:00:00,16.139999389648438,16.350000381469727,15.779999732971191,16.100000381469727,0
9/23/2025 16:00:00,16.100000381469727,17.06999969482422,15.949999809265137,16.639999389648438,0
9/24/2025 16:00:00,16.56999969482422,17.209999084472656,16.18000030517578,16.18000030517578,0
9/25/2025 16:00:00,16.549999237060547,17.739999771118164,16.31999969482422,16.739999771118164,0
9/26/2025 16:00:00,16.889999389648438,17.049999237060547,15.289999961853027,15.289999961853027,0
9/29/2025 16:00:00,15.84000015258789,16.290000915527344,15.739999771118164,16.1200008392334,0
9/30/2025 16:00:00,16.489999771118164,16.700000762939453,16.020000457763672,16.280000686645508,0
10/1/2025 16:00:00,17.280000686645508,17.280000686645508,15.979999542236328,16.290000915527344,0
10/2/2025 16:00:00,16.1200008392334,16.920000076293945,15.93000030517578,16.6299991607666,0
10/3/2025 16:00:00,16.350000381469727,17.059999465942383,16.200000762939453,16.649999618530273,0
10/6/2025 16:00:00,16.739999771118164,17.09000015258789,16.290000915527344,16.3700008392334,0
10/7/2025 16:00:00,16.579999923706055,17.549999237060547,16.190000534057617,17.239999771118164,0
10/8/2025 16:00:00,17.170000076293945,17.200000762939453,16.229999542236328,16.299999237060547,0
10/9/2025 16:00:00,16.309999465942383,17.270000457763672,16.260000228881836,16.43000030517578,0
10/10/2025 16:00:00,16.360000610351562,22.440000534057617,16.229999542236328,21.65999984741211,0
10/13/2025 16:00:00,19.450000762939453,20.770000457763672,18.61000061035156,19.030000686645508,0
10/14/2025 16:00:00,21.459999084472656,22.940000534057617,19.18000030517578,20.809999465942383,0
10/15/2025 16:00:00,20.020000457763672,22.440000534057617,19.11000061035156,20.63999938964844,0
10/16/2025 16:00:00,20.489999771118164,25.43000030517578,19.850000381469727,25.309999465942383,0
10/17/2025 16:00:00,28.40999984741211,28.989999771118164,20.729999542236328,20.780000686645508,0
10/20/2025 16:00:00,20.530000686645508,21.020000457763672,18.229999542236328,18.229999542236328,0
10/21/2025 16:00:00,18.64999961853028,18.88999938964844,17.399999618530273,17.8700008392334,0
10/22/2025 16:00:00,17.84000015258789,21.01000022888184,17.729999542236328,18.600000381469727,0
10/23/2025 16:00:00,18.36000061035156,19.350000381469727,17.079999923706055,17.299999237060547,0
10/24/2025 16:00:00,17.020000457763672,17.219999313354492,16.020000457763672,16.3700008392334,0
10/27/2025 16:00:00,15.729999542236328,16.06999969482422,15.619999885559082,15.789999961853027,0
10/28/2025 16:00:00,15.949999809265137,16.549999237060547,15.65999984741211,16.420000076293945,0
10/29/2025 16:00:00,16.34000015258789,17.579999923706055,16.260000228881836,16.920000076293945,0
10/30/2025 16:00:00,16.260000228881836,17.40999984741211,15.729999542236328,16.90999984741211,0
10/31/2025 16:00:00,16.43000030517578,18.540000915527344,15.960000038146973,17.440000534057617,0
11/3/2025 16:00:00,18.059999465942383,18.82999992370605,17.0,17.170000076293945,0
11/4/2025 16:00:00,19.729999542236328,20.479999542236328,17.899999618530273,19.0,0
11/5/2025 16:00:00,19.3700008392334,20.020000457763672,17.309999465942383,18.010000228881836,0
11/6/2025 16:00:00,18.36000061035156,20.309999465942383,17.639999389648438,19.5,0
11/7/2025 16:00:00,19.520000457763672,22.71999931335449,19.07999992370605,19.07999992370605,0
11/10/2025 16:00:00,18.57999992370605,18.81999969482422,17.600000381469727,17.600000381469727,0
11/11/2025 16:00:00,17.899999618530273,18.010000228881836,17.25,17.280000686645508,0
11/12/2025 16:00:00,17.209999084472656,18.059999465942383,17.100000381469727,17.510000228881836,0
11/13/2025 16:00:00,17.610000610351562,21.309999465942383,17.510000228881836,20.0,0
11/14/2025 16:00:00,21.32999992370605,23.030000686645508,19.559999465942383,19.82999992370605,0
11/17/2025 16:00:00,19.57999992370605,23.440000534057617,19.540000915527344,22.3799991607666,0
11/18/2025 16:00:00,23.540000915527344,25.84000015258789,22.90999984741211,24.690000534057617,0
11/19/2025 16:00:00,24.520000457763672,24.790000915527344,21.93000030517578,23.65999984741211,0
11/20/2025 16:00:00,20.780000686645508,28.270000457763672,19.280000686645508,26.420000076293945,0
11/21/2025 16:00:00,25.96999931335449,27.84000015258789,22.540000915527344,23.43000030517578,0
11/24/2025 16:00:00,22.690000534057617,23.68000030517578,20.40999984741211,20.520000457763672,0
11/25/2025 16:00:00,20.549999237060547,21.770000457763672,18.38999938964844,18.559999465942383,0
11/26/2025 16:00:00,18.25,18.700000762939453,16.93000030517578,17.190000534057617,0
11/28/2025 16:00:00,17.40999984741211,18.520000457763672,15.779999732971191,16.350000381469727,0
12/1/2025 16:00:00,18.049999237060547,18.32999992370605,16.579999923706055,17.239999771118164,0
12/2/2025 16:00:00,17.280000686645508,17.309999465942383,16.389999389648438,16.59000015258789,0
12/3/2025 16:00:00,16.43000030517578,17.280000686645508,15.93000030517578,16.079999923706055,0
12/4/2025 16:00:00,16.229999542236328,16.6299991607666,15.68000030517578,15.779999732971191,0
12/5/2025 16:00:00,15.579999923706056,16.18000030517578,15.279999732971191,15.40999984741211,0
12/8/2025 16:00:00,16.149999618530273,17.09000015258789,16.100000381469727,16.65999984741211,0
12/9/2025 16:00:00,16.65999984741211,17.200000762939453,16.450000762939453,16.93000030517578,0
12/10/2025 16:00:00,16.940000534057617,17.65999984741211,15.5600004196167,15.770000457763672,0
12/11/2025 16:00:00,16.84000015258789,16.8799991607666,14.850000381469728,14.850000381469728,0
12/12/2025 16:00:00,14.989999771118164,17.850000381469727,14.850000381469728,15.739999771118164,0
12/15/2025 16:00:00,16.510000228881836,17.350000381469727,15.989999771118164,16.5,0
12/16/2025 16:00:00,17.280000686645508,17.610000610351562,16.190000534057617,16.479999542236328,0
12/17/2025 16:00:00,16.450000762939453,18.0,15.81999969482422,17.6200008392334,0
12/18/2025 16:00:00,17.610000610351562,17.68000030517578,15.93000030517578,16.8700008392334,0
12/19/2025 16:00:00,16.309999465942383,16.530000686645508,14.90999984741211,14.90999984741211,0
12/22/2025 16:00:00,15.15999984741211,15.260000228881836,14.029999732971191,14.079999923706056,0
12/23/2025 16:00:00,14.09000015258789,14.449999809265137,13.640000343322754,14.0,0
12/24/2025 16:00:00,14.09000015258789,14.15999984741211,13.380000114440918,13.470000267028809,0
12/26/2025 16:00:00,14.119999885559082,14.289999961853027,13.520000457763672,13.600000381469728,0
12/29/2025 16:00:00,14.6899995803833,15.079999923706056,13.989999771118164,14.199999809265137,0
12/30/2025 16:00:00,14.43000030517578,14.619999885559082,14.039999961853027,14.329999923706056,0
12/31/2025 16:00:00,14.770000457763672,15.170000076293944,14.380000114440918,14.949999809265137,0
1/2/2026 16:00:00,14.850000381469728,15.420000076293944,14.460000038146973,14.510000228881836,0
1/5/2026 16:00:00,15.140000343322754,15.270000457763672,14.649999618530272,14.899999618530272,0
1/6/2026 16:00:00,15.0,15.210000038146973,14.630000114440918,14.75,0
1/7/2026 16:00:00,14.949999809265137,15.479999542236328,14.829999923706056,15.380000114440918,0
1/8/2026 16:00:00,15.6899995803833,15.850000381469728,15.149999618530272,15.449999809265137,0
1/9/2026 16:00:00,15.68000030517578,15.8100004196167,14.43000030517578,14.489999771118164,0
1/12/2026 16:00:00,16.059999465942383,16.65999984741211,15.029999732971191,15.119999885559082,0
1/13/2026 16:00:00,15.359999656677246,16.5,14.75,15.979999542236328,0
1/14/2026 16:00:00,16.329999923706055,18.100000381469727,16.219999313354492,16.75,0
1/15/2026 16:00:00,16.520000457763672,16.540000915527344,15.300000190734863,15.84000015258789,0
1/16/2026 16:00:00,15.4399995803833,16.290000915527344,15.300000190734863,15.859999656677246,0
1/20/2026 16:00:00,19.940000534057617,20.989999771118164,18.63999938964844,20.09000015258789,0
1/21/2026 16:00:00,19.309999465942383,20.809999465942383,16.670000076293945,16.899999618530273,0
1/22/2026 16:00:00,16.649999618530273,16.670000076293945,15.270000457763672,15.640000343322754,0
1/23/2026 16:00:00,15.68000030517578,16.209999084472656,15.300000190734863,16.09000015258789,0
1/26/2026 16:00:00,16.899999618530273,17.389999389648438,15.800000190734863,16.149999618530273,0
1/27/2026 16:00:00,16.020000457763672,16.3700008392334,15.739999771118164,16.350000381469727,0
1/28/2026 16:00:00,16.09000015258789,17.18000030517578,16.049999237060547,16.350000381469727,0
1/29/2026 16:00:00,16.040000915527344,19.739999771118164,16.020000457763672,16.8799991607666,0
1/30/2026 16:00:00,18.71999931335449,19.270000457763672,16.670000076293945,17.440000534057617,0
2/2/2026 16:00:00,19.950000762939453,19.959999084472656,16.079999923706055,16.34000015258789,0
2/3/2026 16:00:00,16.15999984741211,20.3700008392334,16.049999237060547,18.0,0
2/4/2026 16:00:00,17.6299991607666,21.239999771118164,17.469999313354492,18.63999938964844,0
2/5/2026 16:00:00,19.239999771118164,23.100000381469727,19.059999465942383,21.770000457763672,0
2/6/2026 16:00:00,21.239999771118164,21.489999771118164,19.989999771118164,20.3700008392334,0
2/9/2026 16:00:00,17.950000762939453,19.200000762939453,16.899999618530273,17.360000610351562,0
2/10/2026 16:00:00,17.469999313354492,17.969999313354492,17.139999389648438,17.790000915527344,0
2/11/2026 16:00:00,17.8700008392334,18.959999084472656,16.75,17.649999618530273,0
2/12/2026 16:00:00,17.440000534057617,21.209999084472656,17.079999923706055,20.81999969482422,0
2/13/2026 16:00:00,21.479999542236328,22.39999961853028,18.920000076293945,20.600000381469727,0
2/17/2026 16:00:00,21.739999771118164,22.959999084472656,19.76000022888184,20.290000915527344,0
2/18/2026 16:00:00,19.780000686645508,20.34000015258789,18.479999542236328,19.6200008392334,0
2/19/2026 16:00:00,19.34000015258789,21.11000061035156,19.229999542236328,20.229999542236328,0
2/20/2026 16:00:00,20.040000915527344,21.209999084472656,18.76000022888184,19.09000015258789,0
2/23/2026 16:00:00,20.489999771118164,22.040000915527344,19.5,21.01000022888184,0
2/24/2026 16:00:00,21.239999771118164,22.07999992370605,19.229999542236328,19.549999237060547,0
2/25/2026 16:00:00,19.59000015258789,19.6200008392334,17.860000610351562,17.93000030517578,0
2/26/2026 16:00:00,18.06999969482422,20.540000915527344,17.5,18.6299991607666,0
2/27/2026 16:00:00,19.280000686645508,21.739999771118164,18.770000457763672,19.86000061035156,0
3/2/2026 16:00:00,24.65999984741211,25.239999771118164,20.3700008392334,21.440000534057617,0
3/3/2026 16:00:00,24.56999969482422,28.14999961853028,22.18000030517578,23.56999969482422,0
3/4/2026 16:00:00,24.38999938964844,24.8700008392334,20.39999961853028,21.14999961853028,0
3/5/2026 16:00:00,22.11000061035156,25.84000015258789,20.549999237060547,23.75,0
3/6/2026 16:00:00,23.200000762939453,29.93000030517578,22.920000076293945,29.489999771118164,0
3/9/2026 16:00:00,35.119998931884766,35.29999923706055,24.76000022888184,25.5,0
3/10/2026 16:00:00,24.38999938964844,26.01000022888184,22.190000534057617,24.93000030517578,0
3/11/2026 16:00:00,24.89999961853028,26.229999542236328,23.75,24.229999542236328,0
3/12/2026 16:00:00,25.479999542236328,27.32999992370605,24.600000381469727,27.290000915527344,0
3/13/2026 16:00:00,27.850000381469727,28.46999931335449,24.670000076293945,27.190000534057617,0
3/16/2026 16:00:00,25.8799991607666,26.420000076293945,23.229999542236328,23.51000022888184,0
3/17/2026 16:00:00,24.559999465942383,24.57999992370605,21.8700008392334,22.3700008392334,0
3/18/2026 16:00:00,21.51000022888184,25.1299991607666,21.46999931335449,25.09000015258789,0
3/19/2026 16:00:00,25.600000381469727,27.520000457763672,23.540000915527344,24.059999465942383,0
3/20/2026 16:00:00,24.459999084472656,29.280000686645508,23.68000030517578,26.780000686645508,0
3/23/2026 16:00:00,30.040000915527344,31.040000915527344,20.280000686645508,26.14999961853028,0
3/24/2026 16:00:00,25.90999984741211,27.940000534057617,25.63999938964844,26.950000762939453,0
3/25/2026 16:00:00,25.790000915527344,26.670000076293945,24.81999969482422,25.32999992370605,0
3/26/2026 16:00:00,26.489999771118164,28.489999771118164,26.1200008392334,27.440000534057617,0
3/27/2026 16:00:00,27.540000915527344,31.64999961853028,27.540000915527344,31.049999237060547,0
3/30/2026 16:00:00,30.790000915527344,31.520000457763672,29.32999992370605,30.61000061035156,0
3/31/2026 16:00:00,29.530000686645508,29.63999938964844,25.07999992370605,25.25,0
4/1/2026 16:00:00,24.299999237060547,25.350000381469727,23.5,24.540000915527344,0
4/2/2026 16:00:00,26.780000686645508,27.88999938964844,23.8700008392334,23.8700008392334,0
4/6/2026 16:00:00,24.93000030517578,25.299999237060547,23.780000686645508,24.170000076293945,0
4/7/2026 16:00:00,25.09000015258789,28.0,24.34000015258789,25.780000686645508,0
4/8/2026 16:00:00,20.96999931335449,22.170000076293945,19.90999984741211,21.040000915527344,0
4/9/2026 16:00:00,21.25,21.6299991607666,19.450000762939453,19.489999771118164,0
4/10/2026 16:00:00,19.709999084472656,20.280000686645508,18.82999992370605,19.229999542236328,0
4/13/2026 16:00:00,21.170000076293945,21.57999992370605,18.959999084472656,19.1200008392334,0
4/14/2026 16:00:00,18.729999542236328,18.76000022888184,17.889999389648438,18.36000061035156,0
4/15/2026 16:00:00,18.18000030517578,18.5,17.399999618530273,18.170000076293945,0
4/16/2026 16:00:00,18.040000915527344,19.09000015258789,17.760000228881836,17.940000534057617,0
4/17/2026 16:00:00,18.18000030517578,18.239999771118164,16.8700008392334,17.479999542236328,0
4/20/2026 16:00:00,19.57999992370605,19.989999771118164,18.770000457763672,18.8700008392334,0
4/21/2026 16:00:00,19.18000030517578,20.850000381469727,18.75,19.5,0
4/22/2026 16:00:00,19.030000686645508,19.540000915527344,18.68000030517578,18.920000076293945,0
4/23/2026 16:00:00,19.420000076293945,21.559999465942383,18.700000762939453,19.309999465942383,0
4/24/2026 16:00:00,18.88999938964844,19.350000381469727,18.459999084472656,18.709999084472656,0
4/27/2026 16:00:00,19.209999084472656,19.270000457763672,18.020000457763672,18.020000457763672,0
4/28/2026 16:00:00,18.299999237060547,19.43000030517578,17.780000686645508,17.829999923706055,0
4/29/2026 16:00:00,17.829999923706055,19.0,17.809999465942383,18.809999465942383,0
4/30/2026 16:00:00,18.68000030517578,18.729999542236328,16.8700008392334,16.889999389648438,0
5/1/2026 16:00:00,17.010000228881836,17.389999389648438,16.440000534057617,16.989999771118164,0
5/4/2026 16:00:00,17.3799991607666,19.07999992370605,17.149999618530273,18.290000915527344,0
5/5/2026 16:00:00,17.950000762939453,18.020000457763672,17.200000762939453,17.3799991607666,0
5/6/2026 16:00:00,17.149999618530273,17.459999084472656,16.18000030517578,17.389999389648438,0
5/7/2026 16:00:00,17.530000686645508,17.600000381469727,16.850000381469727,17.079999923706055,0
5/8/2026 16:00:00,17.3700008392334,17.530000686645508,16.81999969482422,17.190000534057617,0
5/11/2026 16:00:00,18.209999084472656,18.46999931335449,17.899999618530273,18.3799991607666,0
5/12/2026 16:00:00,18.770000457763672,19.100000381469727,17.920000076293945,17.989999771118164,0
5/13/2026 16:00:00,17.979999542236328,18.39999961853028,17.760000228881836,17.8700008392334,0
5/14/2026 16:00:00,17.860000610351562,18.07999992370605,17.200000762939453,17.260000228881836,0
5/15/2026 16:00:00,18.06999969482422,19.270000457763672,17.799999237060547,18.43000030517578,0
5/18/2026 16:00:00,19.25,19.440000534057617,17.700000762939453,17.81999969482422,0
5/19/2026 16:00:00,18.010000228881836,18.36000061035156,17.65999984741211,18.059999465942383,0
5/20/2026 16:00:00,18.170000076293945,18.18000030517578,17.1299991607666,17.440000534057617,0
5/21/2026 16:00:00,17.579999923706055,17.8700008392334,16.600000381469727,16.760000228881836,0
5/22/2026 16:00:00,16.829999923706055,17.389999389648438,16.459999084472656,16.700000762939453,0
5/25/2026 16:00:00,16.809999465942383,16.8700008392334,16.530000686645508,16.59000015258789,0
5/26/2026 16:00:00,16.920000076293945,17.229999542236328,16.559999465942383,17.010000228881836,0
5/27/2026 16:00:00,17.010000228881836,17.18000030517578,16.290000915527344,16.290000915527344,0
5/28/2026 16:00:00,16.760000228881836,16.850000381469727,15.729999542236328,15.93000030517578,0
5/29/2026 16:00:00,15.78,15.78,15.22,15.32,0
6/1/2026 16:00:00,15.88,16.34,15.71,16.05,0
